企業名,キャッチコピー,ステータス,初年度年収
株式会社日東システムテクノロジーズ | 教育系システムに強み／定着率95%以上／残業月平均10h以下,100％自社内開発／自由なオフィスで仕事も捗る♪【SE】 正社員,正社員,300万円～500万円
生和コーポレーション株式会社 | 【大阪府緊急雇用対策に賛同】松岡修造さん起用のCMも放送中,自社システムの運用・保守・サポートを担う【社内SE】※転勤なし 正社員,正社員,
株式会社ライフランド | 【創業53年】地域密着の安定企業！※残業月10～30H,月給27万円以上！【社内SE】※開発等経験者募集 正社員,正社員,450万円～750万円
"長野県農協直販株式会社 | 長野県JAグループ◇取引先1,700店舗◇信州産農畜産物の流通拠点",JAグループの安定基盤のもとで働く【社内SE】★U・Iターン歓迎 正社員,正社員,350万円～450万円
ネクストリンクス株式会社 | 地域の製造業・流通業を中心に企業のシステム面を支援する企業,【上流SE／PL・ PM候補】☆WEB面接可☆プライム案件率95％以上 正社員,正社員,400万円～750万円
アトラス情報サービス株式会社 | 【緊急雇用対策に賛同】取引先は官公庁など。設立57年の安定企業,【SE（保守）】完全週休2日／独身寮あり／残業少なめ※大阪限定 正社員,正社員,
アトラス情報サービス株式会社 | 取引先は官公庁など。大手企業との取引多数。設立57年の安定企業,【SE（保守）】完全週休2日／定着率◎／残業少なめ※北海道限定 正社員,正社員,
ネクストリンクス株式会社 | 地域の製造業・流通業を中心に企業のシステム面を支援する企業,金融業界向け【SE】☆年休122日 ☆残業平均13時間 ☆WEB面接可 正社員,正社員,350万円～700万円
ネクストリンクス株式会社 | 地域の製造業・流通業を中心に企業のシステム面を支援する企業,製造業・流通業向け【SE】年休122日☆残業平均13時間☆WEB面接可 正社員,正社員,350万円～700万円
株式会社DearOne | 【NTTドコモのグループ会社】■年休130日,最先端のグロースマーケティング支援サービスの【プリセールス】 正社員,正社員,408万円～978万円
株式会社バル・コーポレーション | 業績好調！生活雑貨や食品を企画・展開する企業／大手取引先多数,【社内SE】※土日休み／年休120日／残業月10～20h／賞与4ヶ月分 正社員,正社員,
月電ソフトウェア株式会社 | 福島から世界へ！日進月歩で最新技術を生み出し続ける優良企業！,幹部候補の募集！グローバルに活躍できる【システムエンジニア】 正社員,正社員,
ピーディーシー株式会社 | 【デジタルサイネージ業界のパイオニア】★フルフレックス勤務,【ブリッジSE】　語学力を生かして海外で働きたい方を募集！ 正社員,正社員,500万円～800万円
フルタニ産業株式会社 | 完全週休2日制・土日祝休み／健康経営優良法人2021に認定！,【SE／PG】上流工程で活躍可能・大手メーカー案件多数★ 正社員,正社員,310万円～550万円
株式会社デジック | 北海道で自由度高くプロフェッショナル集団を目指す！,札幌勤務【SE】独立系SI／20年以上のノウハウでドコデモ開発を 正社員,正社員,306万円～594万円
株式会社オデッセイコミュニケーションズ | [新しい資格。新しいキャリア。]★完全週休2日 ★残業月10h程度,＼資格ビジネスを展開する“成長企業”を支える！／【社内SE】 正社員,正社員,400万円～600万円
株式会社ベイシア | 流通技術研究所【ベイシア/カインズ/ワークマンなど全国に展開】,グループ共通システムをオープン系へ刷新する【SE】 正社員,正社員,350万円～700万円
株式会社デジック | 東京で自由度高くプロフェッショナル集団を目指す！,東京勤務【SE】独立系SI／20年以上のノウハウでドコデモ開発を 正社員,正社員,360万円～648万円
ケーブルテレビ株式会社 | フレックス勤務も相談OK！働きやすさに自信あり,【社内SE(情報システム部門担当)】★月給28万5000円以上！ 正社員,正社員,400万円～600万円
株式会社マイナビ | 就職や転職などのあらゆる人生の岐路を支えるサービスを提供,マイナビ内にある複数の自社サービスの【インフラエンジニア】 正社員,正社員,380万円～570万円
株式会社富士テクノソリューションズ | ～2017年、東京証券取引所TOKYO PRO Marketへ上場～,大手企業を支える！【インフラエンジニア】★年休120日以上 正社員,正社員,400万円～700万円
オリジン工業株式会社 | インテリア＆サインディスプレイで「いいね!!」をカタチに。,【生産技術】☆知恵と工夫を積み重ね、技術を磨きスキルアップ！ 正社員,正社員,330万円～430万円
シークエンス株式会社 | 年休120日以上／残業少なめ／完全週休2日制,自由度高い職場でワークライフバランスを実現【Javaエンジニア】 正社員,正社員,
株式会社BBSアウトソーシングサービス | ～東証一部上場グループ～◆残業月20ｈ以内 ◆産休育休制度あり,【ITソリューション営業】◇在宅勤務OK ◇年間休日120日以上 正社員,正社員,400万円～550万円
株式会社エジソン | ☆150社以上の大手・上場企業と取引☆残業月平均20時間程度,マイナビグループで活躍！【社内SE】☆年間休日124日 正社員,正社員,330万円～500万円
日本ソフトウェアコンサルタンツ株式会社 | 【100％自社内開発／ユーザーと直接やりとり】☆年間休日123日,自社パッケージシステムを開発する【SE・PG】※有給取得率◎ 正社員,正社員,
株式会社システム・スクゥェアー | 残業平均15時間｜開発中心で好きなことに注力できる！,完全土日祝休み！最新技術の開発案件にも携われる【SE／PG】 正社員,正社員,300万円～500万円
株式会社タクテック | アリババグループなど大手EC・小売業への導入実績有,物流システムの【SE】★年間休日120日以上★完全週休2日制 正社員,正社員,450万円～700万円
株式会社金沢村田製作所 | 【村田製作所グループ（100%出資）】◆WEB面接可◆福利厚生充実,【製造システムエンジニア】※経験者採用※賞与支給実績5～6ヶ月 正社員,正社員,400万円～790万円
進和テック株式会社 | ★年間休日121日★完全週休2日制（土日祝）★駅チカ,空気清浄の商社で活躍！【社内SE】経験者歓迎！ 正社員,正社員,350万円～550万円
株式会社アイワット | 土日休／有休取得し易い環境／月間残業平均20時間,【社内SE】基幹サーバー/ネットワークの構築・運用保守 正社員,正社員,
株式会社テクノウイング | 【HITグループ】年間休日124日／転勤なし／WEB面接可！,＼駅チカの好立地！／【SE・PG】★完全週休二日制＋賞与年2回 正社員,正社員,300万円～450万円
株式会社宮崎県ソフトウェアセンター | 【政府出資特別法人】◆年休124日 ◆残業平均月11.5時間,【システムエンジニア（導入支援・ブリッジＳＥ）】 正社員,正社員,
アルフレッサメディカルサービス株式会社 | 土日祝休み・年休120日以上・基本残業なし,東証一部上場企業グループで医療業界をITで支える！【社内SE】 正社員,正社員,400万円～600万円
アイエンジニアリング株式会社 | 完全土日祝休｜フレックス制度｜在宅ワークあり｜残業月20h程度,年間休日127日！経験1年のビギナーでも始められる【SE・PG】 正社員,正社員,350万円～550万円
株式会社ムーブ | ＜新事業も展開！複数の事業柱で安定＞★産休育休取得実績あり,特別な瞬間をカタチに残す【映像制作スタッフ】★大阪限定募集 正社員,正社員,300万円～400万円
株式会社テクノ東北 | ◆賞与8ヶ月分※前期実績◆有休は入社時10日付与◆完休2日(土日),大手携帯位置情報分析システム開発：100％自社内開発【社内SE】 正社員,正社員,400万円～800万円
SATT九州株式会社 | 【 宮崎本社 】”駿台グループ”のIT部門を担う健康経営優良法人,学校運営を支えるシステム基盤の【 SE・PG 】＃フレックスタイム 正社員,正社員,
株式会社崎山組 | ＜テレワーク可＞事業拡大＆新体制構築中！滋賀の優良企業,システムを支え、経営にも参加できる【社内SE】★年休120日以上 正社員,正社員,
三和ペイント株式会社 | ☆先輩社員のほとんどが年収UP！裁量大きく活躍可！☆全国募集,コロナ禍でも減給＆解雇ゼロ！塗装の【営業職】☆未経験歓迎！ 正社員,正社員,
株式会社日立ソリューションズ | ともにつくる未来は、つよい。,【ソリューション営業】（多彩な製品群でお客様の課題を解決） 正社員,正社員,
株式会社サンメディカル | 基本在宅勤務／残業月5h以内／産休育休の取得実績多数／面接1回,電話で指導★美容商品の【お客様対応スタッフ】★未経験歓迎 正社員,正社員,300万円～360万円
株式会社日立ソリューションズ | 「創業110年の日立グループ」世の中を便利に、楽しくする会社,データソリューションを推進する【システムエンジニア】 正社員,正社員,
株式会社日立システムズ | <人とITの力で、驚きと感動のサービスを>,基幹業務システムの【導入SE】◆日立グループでスキルを活かす◆ 正社員,正社員,
株式会社日立システムズパワーサービス | 社会インフラを支えているICT企業/安定と成長を両立,日立グループの安定基盤のもとで成長を実感できる【人事・労務】 正社員,正社員,370万円～525万円
株式会社 日立製作所,社会システムの最上流工程から活躍する【ＳＥ】 正社員,正社員,
株式会社日立製作所,大規模インテグレーション案件の【セキュリティSE】※大森勤務 正社員,正社員,
株式会社日立製作所 | ＜東証一部上場企業＞,デジタルソリューション事業を支える調達担当者 正社員,正社員,440万円～830万円
株式会社オーリュクス | #自社内開発100％ #直取引案件 #PGからSEへのキャリアUPにも最適,テレワーク/フレックスOK!自社クラウドに携わる【ITエンジニア】 正社員,正社員,350万円～900万円
株式会社サンワ | 2020年過去最高収益★今も成長を続けるオリジナルグッズメーカー,年休126日・土日休み★【社内SE補助】社員向けPC関連のサポート 契約社員,契約社員,
株式会社日立システムズパワーサービス | 日立グループ×東京電力の戦略子会社の安定環境で社会基盤に貢献,エネルギー基盤を支える【コンサルティング営業】 正社員,正社員,400万円～570万円
アラクサラネットワークス株式会社,ネットワーク社会を支える【生産システム設計者】 正社員,正社員,
アオイ建設株式会社 | ★東証一部上場企業『ファースト住建』グループで基盤安定,【社内SE】★土日休み ★残業10h程度 ★経験が浅くても応募OK！ 正社員,正社員,400万円～500万円
株式会社ドリームジャック | 【売上155％増で拡大中】1人ひとりの理想を応援！★副業もOK,なりたい・やりたいを最速で叶える【開発エンジニア(IT・Web)】 正社員,正社員,420万円～600万円
アラクサラネットワークス株式会社,ネットワーク機器等の【営業】※パートナーセールスメイン 正社員,正社員,
株式会社国和システム | 【富士フイルムシステムサービスのパートナー】IT知識をGET！,官公庁向け【テクニカルサポート】未経験OK！年間休日120日★ 正社員,正社員,250万円～290万円
株式会社第一コンピュータリソース | 【設立52年／大手企業とも取引】年間休日126日／完全土日祝休み,【インフラエンジニア】★のびのび働ける＝仕事をもっと好きに！ 正社員,正社員,
株式会社アスタース | 自社内案件100%／UIターン歓迎←遠方の方はWEB面接/会社説明会OK,【ITエンジニア(SE・サーバー)】中途入社の先輩が多く活躍中！ 正社員,正社員,350万円～600万円
ハウステンボス株式会社 | 【テーマパークならではの福利厚生】★WEB面接実施中,花と光の感動リゾート【総合職（パーク部門/ホテル部門 等）】 正社員,正社員,
株式会社日立システムズ | <人とITの力で、驚きと感動のサービスを>,サーバ・ネットワークの設計構築をお任せ【インフラエンジニア】 正社員,正社員,
日産車体コンピュータサービス株式会社 | ◇グループ唯一のIT企業/全国からの応募歓迎！家賃補助制度あり,日産車の生産を現場で支える【社内SE】 ★残業月10h ★福岡勤務 正社員,正社員,350万円～600万円
大友ロジスティクスサービス株式会社 | 大手企業とも多数取引 ★完全週休2日(土日休)★40代活躍中！,働く仲間とお客様の喜びを“やりたい”仕事で実現！【社内SE】 正社員,正社員,400万円～500万円
山本武臣税理士事務所 | 年休120日以上 / 完全週休2日(土日祝) /医療系に特化し業績好調,ドクターと信頼を築き、大きな夢を叶える【税理士アシスタント】 正社員,正社員,
株式会社日立製作所 | ＜東証一部上場企業＞,パブリッククラウドを活用した【ソリューション開発・技術支援】 正社員,正社員,600万円～900万円
株式会社アクレット | 【世界的メーカーと直接取引】「Drupal」に強い希少な会社！,業界未経験スタートOK！【WEBエンジニア】★完全週休2日制 正社員,正社員,300万円～650万円
株式会社日立システムズ | <人とITの力で、驚きと感動のサービスを>,『技術×ロボット×データ利活用』でモノ作りを支える【技術者】 正社員,正社員,
株式会社日立システムズ,損害保険業界向け【ITソリューション営業】 正社員,正社員,
株式会社ベルテック | #年間休日120日以上 #完全週休2日制 #残業月平均10時間以内,急成長中の企業をシステムから支える【社内SE】土日休／未経験OK 正社員,正社員,310万円～325万円
KYODOU株式会社 | 自社クラウド製品に加え新規開発にも挑戦可★フレックスタイム制,自社開発システム【プログラマ】経験者採用／賞与年2回／Web面接 正社員,正社員,400万円～500万円
アルテンジャパン株式会社 | 世界2位のエンジニアリングサービス!【ALTEN GROUP】の日本法人,日本法人立ち上げメンバー募集【ITエンジニア】前職給与保証◎ 正社員,正社員,350万円～700万円
エア・ウォーター・マテリアル株式会社 | 【東証一部上場グループ】◆残業月平均0~10h ◆年休120日以上,新技術の導入にも発想を活かせる！【社内SE】★賞与年4.8カ月 正社員,正社員,450万円～700万円
株式会社日立システムズ,ビジネスパートナー向け【ITソリューション営業】 正社員,正社員,
株式会社REJ | 設立57年／東証一部上場『アイダエンジニアリング』グループ,いろんな経験ができる【社内SE】★完全週休2日&残業月10H以内 正社員,正社員,400万円～600万円
株式会社弘和電材社 | 業界トップクラス！キヤノングループなど、大手企業と取引多数！,IT経験・スキルを活かして安定企業を支えていく！【社内SE】 正社員,正社員,400万円～450万円
アラクサラネットワークス株式会社,WEBで自社製品の魅力を発信する【マーケティングスタッフ】 正社員,正社員,
株式会社日立ソリューションズ | ともにつくる未来を、つよく。,製造業分野のシステムエンジニア（中部地区担当） 正社員,正社員,
株式会社ヤマハコーポレートサービス | 【正社員募集】転勤なし｜年間休日124日｜賞与(計5.3カ月分支給),"＜レア求人＞ ヤマハグループの""社内SE""を募集！【SE】WEB面接OK 正社員",正社員,
アラクサラネットワークス株式会社,◆ネットワーク機器に関する【ハイタッチ営業】 正社員,正社員,
アラクサラネットワークス株式会社,【ネットワークSE】 ◆システムソリューションの提案 正社員,正社員,
日立チャネルソリューションズ株式会社 | インド・中国・ASEAN等への海外展開を加速中！,海外への事業展開をITで支える【社内SE】 ◆英語力を活かせます 正社員,正社員,500万円～800万円
株式会社日立ソリューションズ | 「創業110年の日立グループ」世の中を便利に、楽しくする会社,デジタルマーケティング分野の【システムエンジニア】 正社員,正社員,
アラクサラネットワークス株式会社,ネットワーク関連機器の【ソフトウェア開発エンジニア】 正社員,正社員,
アラクサラネットワークス株式会社,ネットワーク関連機器の【ハードウェア開発エンジニア】 正社員,正社員,
東京都競馬株式会社 | 東証一部上場／大井競馬場の賃貸や東京サマーランドの運営など,インターネット馬券発売システム「SPAT4」の【企画・開発】 正社員,正社員,600万円～800万円
株式会社JEMS | 環境管理システム国内シェアTOPクラス◆IT業界経験者、採用中！,自社製品に企画から携われる！【PG】◆100％自社内開発！ 正社員,正社員,350万円～600万円
株式会社ジーシーシー | 年休120日以上！メリハリのあるワークライフを♪,自治体向け自社システムを開発【SE職】★群馬県募集 正社員,正社員,300万円～400万円
株式会社オーイーシー | ★自治体案件多数で安定基盤あり★福利厚生も充実,【インフラエンジニア】★年間休日120日以上★研修制度あり 正社員,正社員,350万円～600万円
シコク・システム工房株式会社 | 【東証一部上場企業100％の出資子会社】福利厚生充実◎年休120日,ITサービス・ソフトウェアの【ルート営業】☆既存中心！ 正社員,正社員,350万円～450万円
株式会社東京精密 | 半導体製造装置と計測機器2つの事業で国内外シェアトップクラス,半導体製造装置のメーカーを支える【社内ＳＥ】★年間休日125日 正社員,正社員,460万円～750万円
株式会社オーイーシー | 創立55周年の安定性♪福利厚生も充実◎長年勤める方も多い職場♪,【SE】★年間休日120日以上★AI、IoT等の最新技術に関われる 正社員,正社員,350万円～600万円
あおみ建設株式会社 | ★創業104年目★シーズン休暇やサポート休暇など社内制度充実,安定企業で長く働ける【社内SE】★年間休日122日★賞与年2回 正社員,正社員,402万円～653万円
弁護士法人平松剛法律事務所 | ◆多数のお客様の支持を受け成長中 ◆現在全国に12拠点を展開！,【社内SE（自社CRM＆AWSの開発・運用・保守担当）】※副業OK 正社員,正社員,400万円～600万円
株式会社テクノリッジ | 自社サービスからICT活用コンサルティングまで幅広い領域で活躍,【SE・PG】◎スタートアップ企業であなたの経験を発揮！ 正社員,正社員,350万円～700万円
株式会社JEMS | 環境管理システム国内シェアTOPクラス★IT業界経験者、採用中！,ITで環境問題に挑む！環境情報企業の【SE】★100％自社内開発！ 正社員,正社員,350万円～600万円
株式会社ジーシーシー | 【設立56年・地方公共団体のシステムに特化】＊離職率2.6％！,自治体向け自社システムを開発【SE】＊年間休日122日・茨城募集 正社員,正社員,300万円～400万円
フォーグローブ株式会社 | プライム案件が全体の7割／年間休日123日／リモートワーク対応,【システムエンジニア】チャレンジャーからベテランまで大募集！ 正社員,正社員,300万円～800万円
株式会社ウチダ人材開発センタ | ＜コロナ禍でも業績好調の内田洋行グループ＞※在宅勤務相談可,【法人営業職（教育研修商材担当）】※年休120日／土日祝休み 正社員,正社員,360万円～500万円
株式会社コンピューターシステムハウス | ◆無借金経営 ◆自己資本比率90%超 ◆表彰実績多数あり,★業界経験者募集★【ITエンジニア】安定した環境で働きやすさ◎ 正社員,正社員,
株式会社ウチダ人材開発センタ | 内田洋行グループ／土日祝休み／年間休日120日以上,e-LearningやLMS、CBTなどの開発を行う【PG・SE】 正社員,正社員,360万円～600万円
コムテック株式会社 | 名古屋支社　～大手自動車関連メーカーと安定取引～,《愛知県内がメイン》【SE/PG】※年休125日・残業月20時間程度 正社員,正社員,330万円～400万円
株式会社トライフ | 東証一部上場企業のグループ会社／年間休日118日・土日祝休,社内システム開発から運用全般【社内SE】幹部候補募集★ 正社員,正社員,350万円～400万円
株式会社ジェスクホリウチ | ◆安定性が魅力の老舗企業◆賞与も休み(年休124日)も文句なし！,遠隔で工場や施設を管理するシステムの開発【SE】※経験者歓迎 正社員,正社員,400万円～550万円
情報技術開発株式会社 | 経営課題を解決するソリューションを提供★年間休日120日以上,◎テレワーク有　AWSを基幹として用いる【社内SE】※土日祝休み 正社員,正社員,450万円～650万円
株式会社ジェスクホリウチ | （募集！）何らかのシステム開発のご経験をお持ちの方,生産機械など管理する【制御システムSE】◎年休124日/土日祝休み 正社員,正社員,400万円～550万円
ドクターキューブ株式会社 | 医院向けシステムのメーカー 定着率◎※手当充実！年休120日以上,名古屋限定募集！【提案営業】昨年度実績7ヶ月分！未経験OK 正社員,正社員,300万円～500万円
セザックス株式会社 | 「コンテンツ × メディア」で75年の信頼と実績,Web系【システムエンジニア】※上流工程から携わる 正社員,正社員,400万円～700万円
株式会社アセック | 【全国の自治体・官公庁との取引実績多数】完全週休2日(土日祝),100%自社内開発！計量データ処理システムの【SE・プログラマー】 正社員,正社員,360万円～600万円
北陸電気工事株式会社 | <東証一部上場>★1944年設立！北陸トップクラスの総合設備企業,<100％自社案件>【 社内SE 】賞与前年実績6.4ヵ月/年★年休126日 正社員,正社員,
ドクターキューブ株式会社 | 医院向けシステムのメーカー 定着率◎※手当充実！年休120日以上,広島限定募集！【提案営業】昨年度実績7ヶ月分！未経験OK 正社員,正社員,300万円～500万円
株式会社ミス・パリ | エステティックミス・パリグループでの募集！残業月10時間程度,【社内SE（課長候補)】★転勤なし ※即戦力採用 正社員,正社員,
冨士高圧フレキシブルホース株式会社,【 社内IT担当 】土日祝休み！充実の福利厚生を準備しています 正社員,正社員,
株式会社ソフトウェアプロダクツ | ★大手取引多数で業績好調　★健康経営優良法人の認定企業,【SE(リーダー候補)】高条件募集！入社時から月給46万円も可能！ 正社員,正社員,
株式会社プロリード | バラエティ豊かな案件あり！仲間との連携も感じられる温かい職場,AR・VRなどの【スマホアプリ開発エンジニア】※年間休日120日 正社員,正社員,300万円～600万円
ナレッジソフト株式会社 | 【 技術者ファーストのソフトウェア開発会社 】■自社内開発あり,【プログラマー】■リモートワーク実施中 ■年間休日120日以上 正社員,正社員,
株式会社アンヴィル | 株式会社Anvil　☆11/06 『マイナビ転職フェア新宿 』にも出展！,ITエンジニア（プログラマー／インフラ系エンジニア） 正社員,正社員,300万円～720万円
株式会社シップス | 第2新卒・未経験者歓迎！賞与年3回／健康経営優良法人,自社内比率100％！派遣・出向ナシの【SE・PG】※年間休日120日 正社員,正社員,
国立大学法人広島大学 | ＼現在50代2名、40代7名、30代4名、20代3名の17名が活躍中／,IT系総合職（基幹業務システム／オンライン教育システム） 契約社員,契約社員,250万円～500万円
学校法人 高宮学園 | 【代々木ゼミナール】未経験OK／20～60代活躍中★,【予備校補助業務】サポート職員※障がい者採用※事務業務中心！ パート・アルバイト,パート・アルバイト,100万円～200万円
学校法人 高宮学園 | 【代々木ゼミナール】未経験OK／完全週休2日／20～30代活躍中★,【予備校業務】正職員※障がい者採用※未経験歓迎！年休123日！ 正社員,正社員,300万円～400万円
株式会社ロジック | 残業月平均20時間★完全週休2日（土日祝）☆年間休日125日★,エンジニアが選ぶ紹介したいシステム開発会社No.1【SE】 正社員,正社員,300万円～450万円
株式会社Misumi | 創業100年以上を誇る鹿児島の安定企業。九州全域の活性化に貢献,年休120日以上！プライベートと仕事の両立◎【 社内SE 】 正社員,正社員,
株式会社ヴィンクス | 流通小売業界に特化した超ユーザー系SI企業★昨年実績4.2ヶ月分,"【自社POSシステム提案~開発導入SE】C#,Azure経験歓迎/年休124日 正社員",正社員,400万円～550万円
株式会社ソフィア | 【ユースエール認定企業】年休124日以上/残業月平均8時間程度,【SE】企業・官公庁のシステム開発★能力・実績を正当評価！ 正社員,正社員,
ファーストウッド株式会社 | 【面接1回/研修充実】東証1部上場「飯田グループHD」100%子会社,大手住宅メーカーのシステム基盤を支える【社内SE】★年休112日 正社員,正社員,330万円～520万円
日鉄日立システムエンジニアリング株式会社 | 新日本製鐵(現新日鐵住金)×日立製作所のジョイントベンチャー,<安定経営>【基幹システム導入コンサルタント】※土日祝休み 正社員,正社員,500万円～600万円
ユニオンツール株式会社 | 東証一部上場企業！国内・世界のPCBドリル製品で圧倒的シェア！,メーカーの【社内SE】★残業少なめ ★完全週休2日 ★福利厚生◎ 正社員,正社員,332万円～403万円
システム・エンジニアリング・ハウス株式会社 | 官公庁はじめ、大手取引先多数！安定成長中のシステム会社,【システムエンジニア/プログラマー】☆テレワーク可能☆ 正社員,正社員,250万円～700万円
株式会社コスモ・ウェブ | IT技術のひとつ先へ、人にやさしいシステムを,【システムエンジニア】★100％社内開発 ★社会インフラを支える 正社員,正社員,350万円～600万円
日本環境設計株式会社 | 社員数が着実に増加！リサイクル事業で世界展開する成長企業★,SDGs推進企業の【社内SE】年間休日124日／残業月20時間程度 正社員,正社員,380万円～550万円
株式会社フェリシモ | 【東証一部上場企業】独創性のある商品・事業形態をもつ通販企業,【社内SE（インフラエンジニア）】※オンプレからクラウドへ移行 正社員,正社員,360万円～420万円
チエル株式会社 | JASDAQ上場|学校教育市場に特化したICTの専業メーカー|年休123日,【企業向けネットワークソリューション営業】★20～30代活躍中 正社員,正社員,416万円～650万円
株式会社アクロクレイン | 年間休日126日★IT事業を中心に展開するアクログループ会社,【システムエンジニア】★土日祝休み★平均残業月20時間！ 正社員,正社員,420万円
株式会社ネクシモ | 【ITシステムを通じて地域の暮らしを支援】転勤ナシ／残業少なめ,＼WEB面接もOK／情報処理システムの【保守】※年間休日128日 正社員,正社員,322万円～420万円
株式会社ディスコ | 東証一部上場◆「働きがいのある会社ランキング」に13年連続選出,世界シェアトップクラスの製品あり◆年間休日126日【電気設計】 正社員,正社員,
株式会社アイエンター | 創業から18年、時代の波にのって成長を続けるITベンチャー,大手有名BtoCサービスの【運用保守スタッフ】 正社員,正社員,400万円～800万円
株式会社NTTデータ関西 | 【関西トップクラスのSIer】※年間休日122日 ※残業平均月21.3h,"公共,法人,金融系の【PL/PM】※リモートワーク・フレックス導入 正社員",正社員,400万円～600万円
PwCビジネスアシュアランス合同会社,【テクニカルスペシャリスト】（システム監査） 正社員,正社員,350万円～500万円
ヤフー株式会社 | 日本最大級のユーザー数を誇る「Yahoo! JAPAN」,【サービス開発エンジニア】※eコマース事業など 正社員,正社員,400万円～800万円
株式会社エクストリーム | ゲーム会社などエンターテイメント系企業多数！,ゲーム業界へのキャリアチェンジも可能！【IT系プログラマー】 正社員,正社員,300万円～550万円
株式会社ベイカレント・コンサルティング | 東証一部上場,【ITコンサルタント】※未経験者歓迎！エンジニア出身者活躍中！ 正社員,正社員,500万円～1000万円
EYストラテジー・アンド・コンサルティング株式会社 | 世界150カ国以上で事業を展開するEYグループ,グローバルファームで経験を積む【システム監査】※業種未経験OK 正社員,正社員,500万円～750万円
株式会社日立社会情報サービス | 日立グループSI事業の中核企業・年間休日126日・離職率2％,20～30代活躍中！自社パッケージソフトの【ソリューション営業】 正社員,正社員,400万円～600万円
有限責任監査法人トーマツ,【データ分析コンサルタント】※業界未経験歓迎 正社員,正社員,
株式会社ジェーシービー | 誰もが知る日本発の国際カードブランド,【社内SE】※完全週休2日制（土日祝休）/残業月20～30ｈ 正社員,正社員,500万円～900万円
株式会社日立社会情報サービス | 日立グループSI事業の中核企業・年間休日125日・離職率2％,上流工程から運用保守まで【ITエンジニア（アプリ/インフラ）】 正社員,正社員,400万円～600万円
住友重機械工業株式会社 | ＜東証1部上場＞,【SE】基幹システム／生産管理システムなど 正社員,正社員,450万円～750万円
株式会社京進 | 東証二部上場,【学習塾経営】転職して社員に？いや、次のキャリアは独立だ！ FCオーナー,FCオーナー,
アットホーム株式会社 | ◆創業50年以上の安定企業◆業界のリーディングカンパニー,不動産情報サービス「アットホーム」を運営する【IT系総合職】 正社員,正社員,350万円～600万円
HRNAVI JOINT STOCK COMPANY | ベトナムでの転職に特化した人材紹介会社です！,Web広告代理店【ブリッジSE】日本とベトナムの架け橋になる！ 人材バンク登録,人材バンク登録,
株式会社レジデンシャル不動産 | 不動産再生ビジネスを展開し6年で売上19億から171億円に急成長！,【社内ITサポート】残業月20時間程度／月給25万円以上 正社員,正社員,315万円～420万円
株式会社ジャストワーク | 働きやすさ◎／土日祝休み／有給消化率70%,【業務フロー企画・進行管理】◎有名企業担当◎未経験OK 正社員,正社員,330万円～500万円
富士通株式会社,【システムエンジニア】ITコンサル、PM、先端技術(AI、IoT等) 正社員,正社員,
株式会社セブン銀行 | 東証一部上場★「セブン＆アイグループ」の新しい業態の銀行,世の中の“当たり前”をつくる【SE(プロジェクトマネージャー)】 正社員,正社員,500万円～850万円
株式会社ソニー・ミュージックソリューションズ,【ITエンジニア】SE(WEB/モバイル/デジタルサイネージ) 契約社員,契約社員,
TIS株式会社 | 東証一部上場◆国内最大級プライムSIer◆サービス事業拡大中,ITエンジニア（アプリケーション開発／SE・PM・アーキテクト） 正社員,正社員,500万円～900万円
HRNAVI JOINT STOCK COMPANY | ベトナムでの転職に特化した人材紹介会社です！,日越を繋ぐ！【ブリッジSE／SE】※ベトナム勤務※語学不問 人材バンク登録,人材バンク登録,
株式会社三菱UFJ銀行,【システム企画・開発（Web・オープン系/汎用系/基盤系など）】 正社員,正社員,
株式会社ユー・エス・ケイ | 独自のビジネスモデルが、経営情報誌にも取り上げられています！,医療情報システム導入に携る【インストラクター】完全週休2日制 正社員,正社員,
株式会社日立コンサルティング,【ビジネスコンサルタント（公共系）】 正社員,正社員,400万円～1500万円
アビームコンサルティング株式会社,【インダストリーコンサルタント（金融業界）】 正社員,正社員,600万円～1500万円
"ICONIC CO., LTD. | ”海外発”アジア・グローバルキャリアの転職サポート会社です！",日系大手グループ【ITインフラ法人営業】商材知識は入社後でOK★ 人材バンク登録,人材バンク登録,280万円～380万円
株式会社滋賀銀行,滋賀県トップクラスシェアを誇る地銀の【社内SE】U/Iターン歓迎 正社員,正社員,300万円～500万円
株式会社FMC | 《ふれあいグループ》病院/クリニック/福祉施設などを多数運営,大規模医療グループの【社内SE】 ★システム開発経験者大歓迎！ 正社員,正社員,350万円～500万円
株式会社CROSS ONE | ■リモート勤務実績多数■案件自由選択■WEB面接で最短当日内定,【SE・PG】経験者は前給保障！エンジニアへの還元を最優先！ 正社員,正社員,300万円～500万円
株式会社ゲームフリーク,『ポケモン』シリーズ 企画・開発会社での【情報システム担当】 正社員,正社員,500万円～800万円
株式会社南日本銀行 | ＜ 創業100年以上 ＞鹿児島トップクラスを誇る地方銀行,【総合職（営業／社内SE）】★年間休日120日★社宅制度あり 正社員,正社員,
株式会社AJIOKA | 創業100以上の老舗企業：年間休日122日,若手活躍中！革製品『GANZO』の魅力を発信【ショップスタッフ】 契約社員,契約社員,240万円～300万円
アークシステム株式会社 | ポテンシャル重視の採用！／研修制度充実！／在宅勤務可能,【システムエンジニア】年間休日128日／残業月17h／教育制度充実 正社員,正社員,400万円～600万円
AGENSI PEKERJAAN REERACOEN MALAYSIA SDN. BHD.,複数名採用！日系大手ITグループ企業での【ブリッジエンジニア】 人材バンク登録,人材バンク登録,
"東レ株式会社 | 世界26ヶ国・地域に拠点展開◆連結売上高23,000億円超",【社内SE（アプリ・インフラ）】スキルを活かし上流工程で活躍！ 正社員,正社員,500万円～750万円
エムスタイルジャパン株式会社 | 【美巣（BI-SU）】世界を目指し躍進を続ける注目企業で活躍！,100％社内開発&転勤なし【社内SE（フロントエンドエンジニア）】 正社員,正社員,330万円～450万円
株式会社プロサポート | 前職年収保証／入社祝金10万円／最大90万円の資格手当支給,★離職率ゼロ【SE・PG】残業月15h程／年休125日／引越補助金あり 正社員,正社員,400万円～650万円
公益財団法人神奈川県予防医学協会 | 【60年以上の歴史／神奈川県の総合健康支援機関】★正社員登用有,優良法人で働く【社内SE】★年間休日129日&残業月7～8時間 契約社員,契約社員,350万円～450万円
株式会社北見コンピューター・ビジネス | 【大手企業案件多数！】★年休120日以上／残業平均10h以下,●業務系システム受託開発●【ITエンジニア】★賞与5.2ヶ月分 正社員,正社員,300万円～550万円
株式会社エクスペルト | ◎社長直伝で営業ノウハウを活かせる将来の幹部候補生大募集◎,企業とエンジニアの架け橋となる【ITセールス】年間休日123日☆ 正社員,正社員,300万円～650万円
株式会社CADネットワークサービス,土日休&年間休120日以上！VR事業の【Webエンジニア】★PM候補★ 正社員,正社員,500万円～650万円
株式会社メディアバーン | 【積極面接】★残業月15～20h以下★年休125日以上 ★女性活躍中,【ITエンジニア】――未経験者も経験者も、有意義となる転職を！ 正社員,正社員,300万円～600万円
株式会社トータルシステムエンジニアリング | #残業少なめ#転勤なし#新事業にも関われるチャンス！,自社パッケージの保守運用を担う【社内SE】※年休125日 正社員,正社員,
ランスタッド株式会社 | 完全週休2日制/年間休日121日以上/残業月10時間/平均年齢27.3歳,未経験から叶える【初級ITエンジニア】あなたの成長を支えます！ 正社員,正社員,
株式会社アルスノヴァ | #大阪府緊急雇用対策に賛同 #年休127日/土日休み/残業月平均12ｈ,自社パッケージ＆受託開発【PG/SE】※自社内開発★ご経験者優遇 正社員,正社員,330万円～550万円
株式会社ウィズウェイ | 5月の残業平均1.4時間／有給消化率高水準／完全週休2日制(土日),自社内案件多数【ITエンジニア】★テレワーク導入★資格手当有り 正社員,正社員,400万円～750万円
ランスタッド株式会社 | 完全週休2日制/年間休日121日以上/残業月10時間/平均年齢27.3歳,ゼロから「事務＋α」のスキルを手にする♪【ITサポート事務】 正社員,正社員,
王子ビジネスセンター株式会社 | ★王子ホールディングス(株)グループ★年休120日以上/残業月20h,【社内SE（開発/インフラ）】★安心の王子グループで長く働ける 正社員,正社員,350万円～600万円
株式会社船場 | 【東証一部上場企業・1947年創業の老舗大手】年間休日120日以上,安定基盤で経営を財務の視点から携われる【財務経理部スタッフ】 正社員,正社員,360万円～450万円
株式会社ヤマシタ | 【創業58年！無借金黒字経営・8年連続売上増】★福利厚生充実,上流工程も担当できる【社内SE】☆フレックス勤務☆年休122日 正社員,正社員,400万円～700万円
株式会社船場 | 【東証一部上場企業・1947年創業の老舗大手】年間休日120日以上,課題解決や戦略立案などに携われる【経営企画課長候補】 正社員,正社員,600万円～650万円
専門学校 岡山情報ビジネス学院 | 【 カバヤ・オハヨーグループ 】★10日以上の長期休暇取得可能！,【 講師(IT系学科) 】残業月平均10ｈ／賞与実績4.5ヶ月分！ 正社員,正社員,350万円～530万円
株式会社ニア | ★フレックス制★転勤なし★土日祝休み★昨年度の残業月平均5.2h,【ITエンジニア(SE・PG)】宮城が好き・地域貢献したい方歓迎！ 正社員,正社員,240万円～420万円
TIS西日本株式会社 | ★上流工程も手掛けられる！ ★年間休日120日以上 ★残業16h以内,【SE】上場グループ企業で公私ともに充実！※リーダー候補 正社員,正社員,350万円～500万円
三谷コンピュータ株式会社 | 全国約400の自治体との取引がある、IT業界の老舗です。,自治体向けのシステム・インフラの【営業】 正社員,正社員,
株式会社ソフトサービスライフケア | ★業界大手(株)ソフトサービスホールディングスのグループ会社！,医療システムの上流工程に携わる！【導入SE】≪ 福岡限定募集 ≫ 正社員,正社員,350万円～600万円
株式会社イナリサーチ | ＜JASDAQ上場＞医薬関連の安全性・薬効薬理などの試験を行う企業,試験部門での【社内SE】 ◎完全土日祝休み ☆年間休日121日 正社員,正社員,320万円～470万円
株式会社ソフトサービスライフケア | ★業界大手(株)ソフトサービスホールディングスのグループ会社！,◎プログラミング技術は不要！【導入SE】≪ 北九州限定募集 ≫ 正社員,正社員,350万円～500万円
AGCアメニテック株式会社 | AGC株式会社(東証一部上場)のグループ会社 ☆建築環境工学専門,自社内100%の【社内SE】＊AGCグループで確かなキャリアを。 正社員,正社員,391万円～686万円
関西ビジネスインフォメーション株式会社 | 【Daigasグループ(旧大阪ガスグループ)】◆大阪限定募集,【システムエンジニア（WEBサービス開発エンジニア）】 正社員,正社員,462万円～591万円
トモニシステムサービス株式会社 | 完全週休2日制(土日祝休み)／基本定時上がり！プライベート充実,東証一部上場トモニHDグループの【社内SE】＊システム開発＊ 正社員,正社員,350万円～600万円
株式会社ピージーシステム | 【広島県主催の委託事業プロジェクトに参画】＊U・Iターン歓迎＊,★広島勤務/転勤なし★【システムエンジニア/プログラマー】 正社員,正社員,
三谷コンピュータ株式会社 | 全国約400の自治体との取引がある、IT業界の老舗です。,自社開発パッケージソフトの【SE】 正社員,正社員,
第一熱原株式会社 | 【創業70年】総売上高263億円の『熱源グループ』の一員に！,《WEB面接可》社内のIT化を進める【社内SE】<前年賞与4.2ヶ月分> 正社員,正社員,300万円～400万円
三谷コンピュータ株式会社 | 全国約400の自治体との取引がある、IT業界の老舗です。,サーバ、インフラ等の構築、サポート【カスタマエンジニア】 正社員,正社員,
関西ビジネスインフォメーション株式会社 | 【Daigasグループ(旧大阪ガスグループ)】◆大阪限定募集,【システムエンジニア（IoTサービス関連の開発管理）】 正社員,正社員,480万円～639万円
大洋エレックス株式会社 | 年間休日は116日で有給休暇の消化率も高め！残業ほぼなし◎,【SE】次世代のAI検査システムの開発をお任せします！ 正社員,正社員,300万円～500万円
株式会社アルゴ | 【 売上成長率188％ 】★年休125日 ★賞与支給実績平均4.3ヶ月,<過去3年離職率3.27％>【 SE 】自社内作業メイン★有給取得率高 正社員,正社員,350万円～550万円
ネクストリンクス株式会社 | ☆残業月13H程度／年間休日120日／土日祝休み／福利厚生充実,【プログラマー】☆将来の管理職候補／定着率95％／賞与4.4ヶ月 正社員,正社員,
株式会社ネイチャーズウェイ,《東京・名古屋》【 社内SE 】自然派化粧品のパイオニア企業 正社員,正社員,343万円～500万円
株式会社船場 | 【東証一部上場企業・1947年創業の老舗大手】年間休日120日以上,【人事労務厚生スタッフ】★残業月10時間程度★完全週休2日制 正社員,正社員,360万円～450万円
株式会社 ホンダカーズ札幌中央 | 札幌ホンダグループ6社を中から支える！<平均年齢36.5歳>,＼安定基盤で腰を据えて活躍！／【社内SE】★中途入社が活躍中 正社員,正社員,350万円～450万円
株式会社クロスリード | 【長年実績ある企業の100％子会社】充実の福利厚生と安定の経営,転勤なし/年間休日127日【インフラエンジニア】で東北に貢献！ 正社員,正社員,400万円～600万円
株式会社ケイズグループ | 働きやすさ◎基本土日休み・年間休日114日,整骨院業界トップクラス企業の【社内SE】残業少なめ 正社員,正社員,400万円～600万円
コスモ・サイエンス株式会社 | 三菱電機グループの直取引100％！安定的に取り組める仕事です！,社内開発100％！安定した環境で活躍【SE】 正社員,正社員,350万円～550万円
株式会社船場 | 【東証一部上場企業・1947年創業の老舗大手】年間休日120日以上,経営を法律の面からサポート！【法務知財スタッフ（課長候補）】 正社員,正社員,600万円～650万円
セントラル短資株式会社 | 創業以来110年以上の伝統を誇る日本に数社しかない国内短資会社,【社内SE(インフラ・運用担当)】★土日祝休み★年休120日 正社員,正社員,400万円～1000万円
株式会社ソフトサービスライフケア | ★業界大手(株)ソフトサービスホールディングスのグループ会社！,医療システムの上流工程に携わる！【導入SE】≪ 東京限定募集 ≫ 正社員,正社員,350万円～600万円
株式会社 シーエスアイ | ＜安定感◎＞東証一部上場企業のCEホールディングス100％子会社,テレワークが基本！【SE】＜完休2日制の年間休日123日＞転勤なし 正社員,正社員,370万円～600万円
株式会社サンゲツ | ◎東証・名証一部上場　◎インテリア専門商社　◎福利厚生充実,《東京｜品川》上場企業で活躍できる【社内SE】※経験者対象 正社員,正社員,450万円～550万円
株式会社ムゲンエステート | ムゲンエステート,【社内SE】◆インフラ開発担当◆経験者採用◆年休123日◆土日休 正社員,正社員,400万円～650万円
株式会社ブルーオーシャンシステム | 「気づく」「学ぶ」「つなぐ」を支援する！,【SE】医療・福祉業界でニーズの高いパッケージソフトの開発 正社員,正社員,375万円～750万円
株式会社カスタム | システム商材事業の展開を目指す有力測定器メーカー★土日祝休み,アプリ、ネットワーク製品を担当する【開発職/社内SE】 正社員,正社員,432万円～537万円
株式会社神戸マツダ | 創業80年／兵庫県下27店舗／従業員800人以上,マツダ本社で働く！【社内SE】※残業月平均10～20時間程度 正社員,正社員,400万円～600万円
株式会社Dralogi | 日興運送のグループ企業！物流をITスキルで支える,在宅ワークもOKの【PG／SE】※年間休日125日！原則定時退社 正社員,正社員,600万円～700万円
キーコーヒー株式会社 | 【東証一部上場】フレックス制あり／完全週休2日／年休120日～,【情報システムスタッフ】◆家族・住宅手当あり◆福利厚生が充実 正社員,正社員,400万円～650万円
株式会社ムゲンエステート | ムゲンエステート,【社内SE】◆システム企画担当◆経験者採用◆年休123日◆土日休 正社員,正社員,400万円～650万円
株式会社グロービス | ●残業月20H程度●福利厚生充実●リモート勤務制度もあり,マーケティング経験を積める【CRM・MA担当エンジニア】 正社員,正社員,400万円～600万円
株式会社URシステムズ | 【UR都市機構グループ】年休123日／土日祝休み／産育休実績あり,【テクニカルサポート】※各種福利厚生充実／賞与実績4.5ヶ月分 正社員,正社員,440万円～540万円
マリモ電子工業株式会社,お客様が抱える課題をIT技術で解決する【提案営業】※年休124日 正社員,正社員,300万円～450万円
三輪精機株式会社 | 経産省認定＜地域未来牽引企業＞／社食、送迎、手当など制度充実,【社内SE】＊残業月10～20h程度 ＊土日の週休2日制 正社員,正社員,350万円～450万円
三建産業株式会社 | 創業71年！世界30カ国以上に取引先を持つ老舗プラントメーカー,広島勤務！転勤なし【社内SE】年間休日125日！残業少なめ◎ 正社員,正社員,400万円～600万円
ドクターキューブ株式会社 | 医院向けシステムのメーカー 定着率◎※手当充実！年休120日以上,大阪限定募集！【提案営業】昨年度実績7ヶ月分！未経験OK 正社員,正社員,300万円～500万円
株式会社スナーク | 本社勤務／1次受けのみ／残業時間平均20時間以内／年間休日127日,大手案件の物流システム等を自社内開発★【PG・SE（PM候補）】 正社員,正社員,300万円～800万円
トランコムITS株式会社 | 独立系システム開発×東証一部上場グループ＝選択肢、多数！,スキルを活かして活躍！【SE】※在宅ワーク可能 ※年間休日122日 正社員,正社員,
株式会社長谷工コーポレーション | 65万戸のマンション設計・施工を行う東証一部上場企業◎,【社内SE（情報セキュリティ担当）】 正社員,正社員,500万円～700万円
"株式会社アークス | 【ラルズ,ユニバースの純粋持株会社】転勤なし/土日祝/賞与年2回",東証一部上場企業で働く【社内SE(情報システム担当)】★主任採用 正社員,正社員,420万円～530万円
PSP株式会社 | 年間休日125日／産育休実績あり／賞与平均5ヶ月分／福利厚生充実,医用システム業界トップクラスの会社で活躍！【社内SE】 正社員,正社員,400万円～600万円
株式会社アーシャルデザイン | チーム・スクール運営を行うなどスポーツ関連事業も展開中！,未経験者・第二新卒者歓迎【IT総合職】※6ヶ月の研修有／残業無 正社員,正社員,300万円～600万円
株式会社日立アドバンストシステムズ | 日立グループ -未来の“安全・安心”をカタチにする-,【SE】 ◆社会の安心・安全を支える/防衛省向けのシステム開発 正社員,正社員,450万円～750万円
学校法人桑沢学園 | 東京造形大学/専門学校桑沢デザイン研究所,【専任職員（情報システム課）】 8月9日(月)応募書類必着 正社員,正社員,
株式会社日立製作所 | 日立の公共ビジネス部門を支える◆SI業界での経験を活かせます,【SE】デジタルソリューションで公共システムの進化・発展に貢献 正社員,正社員,
株式会社セットアップ | ＜30代中心に活躍中！＞介護業界を牽引するSOMPOケアグループ,【社内SE（インフラエンジニア）】★岡山勤務★U/Iターン歓迎 正社員,正社員,350万円～600万円
株式会社ドン・キホーテ | 東証一部上場PPIHグループ/大阪府緊急雇用対策に賛同★月9日休み,【生鮮部門の売場責任者候補】★月給30万円以上も可★全国募集 正社員,正社員,370万円～800万円
株式会社川村金属製作所 | ★年休120日★トヨタグループのダイハツ工業Tier1メーカー,新部署設立/ダイハツグループの【社内SE/システム開発】土日休み 正社員,正社員,
株式会社 日立インダストリアルプロダクツ | 大型産業機器事業を担う日立製作所 100%出資会社,【社内SE】～日立グループの新会社でご活躍ください！～ 正社員,正社員,
株式会社ライズテック | 年休122日／土日祝休み／残業月12h程度／最大9連休取得可能,スキルを最大限に発揮【ITエンジニア(PL・PM候補)】★WEB面接OK 正社員,正社員,450万円～650万円
株式会社日立システムズ | <人とITの力で、驚きと感動のサービスを>,データ統合システムの導入【SE】(PL/導入/ユーザーサポート) 正社員,正社員,
株式会社カンセキ | 【JASDAQ上場】残業ほぼなし&転勤なしで、長く安定して働ける！,【社内SE】アウトドア専門店「WILD-1」を運営する上場企業で活躍 正社員,正社員,350万円～500万円
株式会社アイティジョイン | 会社独自のポイント制度あり｜将来は会社の一端を担う存在へ！,何年先も変わることのない“ITの本質”を学ぶ【ITエンジニア】 正社員,正社員,300万円～600万円
株式会社日立システムズパワーサービス | 日立グループ、東京電力というバックボーンを持つICTカンパニー,エネルギーインフラを支える【システムエンジニア】 正社員,正社員,400万円～700万円
株式会社日立アドバンストシステムズ | 日立グループ -未来の“安全・安心”をカタチにする-,防衛省向けサイバー案件の【SE】◆プロジェクトの取りまとめ 正社員,正社員,450万円～750万円
株式会社日立システムズ,自治体向けソリューション【営業】広島/秋田勤務 正社員,正社員,
一般社団法人ライフ予防医学センター | 《12年以上、売り上げ右肩上がり》★賞与年3回 ★過度な残業ナシ,健康診断データを扱う【社内SE】★年休120日 ★完全土日休 正社員,正社員,
株式会社シナネンゼオミック | 上場企業グループ／年休126日／賞与実績6.5ヶ月分／テレワーク可,【社内SE】世界トップクラスの抗菌剤メーカー／新部署での募集！ 正社員,正社員,386万円～564万円
日本石油輸送株式会社 | 東証一部上場／創業75年★石油の鉄道輸送を支えるパイオニア企業,30代活躍中★基幹システムの再構築プロジェクトを担う【社内SE】 正社員,正社員,500万円～650万円
"滋賀特機株式会社 | ""環境に特化した""電気機器を提供し、滋賀県内トップクラスの売上",【社内SE】★賞与実績5ヶ月分 ※実質年間休日120日 正社員,正社員,
株式会社インフィライズ | ◆残業月20H以下◆20代活躍中◆年間休日120日,IT事業の【人材コディネーター】★採用業務を中心に活躍！ 正社員,正社員,270万円～500万円
シノブフーズ株式会社 | 【東証二部上場】創業50年【大阪府緊急雇用対策に賛同】,上場企業で活躍する【社内SE】◆残業少なめ◆人物重視の採用 正社員,正社員,330万円～510万円
カサイホールディングス株式会社,【社内SE】システム部スターティングメンバ―★社内20代活躍中★ 正社員,正社員,
株式会社ジェーソン | 【JASDAQ上場】首都圏中心に104店舗のディスカウントストア展開,上場企業のシステムを支える【社内SE】★100％自社内開発！ 正社員,正社員,
株式会社アーシャルデザイン | チーム・スクール運営を行うなどスポーツ関連事業も展開中！,未経験者・第二新卒者歓迎【ITエンジニア・サポート事務】 正社員,正社員,300万円～600万円
アンブレラ株式会社 | NEC・NTTデータ・富士通・日立製作所等大手クライアント案件多数,【ITエンジニア】◎ほぼリモート案件 ◎前職給保証あり 正社員,正社員,280万円～700万円
株式会社スマイルビット | ITのお困りごとに応える顧客貢献企業★残業月平均10h／土日祝休,未経験歓迎！顧客の課題を解決する【ITエンジニア】★自社内勤務 正社員,正社員,360万円～480万円
株式会社中央設備コンサルタント | ★取引先は大阪府・警察本部など◆大阪府緊急雇用対策に賛同,【建築電気設備・交通安全施設の設計】専門スキルを学べます！ 正社員,正社員,
株式会社MJE | 大阪府緊急雇用対策に賛同【注目の西日本ベンチャー100】選出,自社サーバ・インフラを支える【社内インフラ担当】残業10H以内 正社員,正社員,330万円～430万円
株式会社チャーム | アスクル(株)の100%出資子会社／ペット用品の通販でトップクラス,★完全週休2日(土日祝)★残業月14h★【ITエンジニア】※社内SE 正社員,正社員,450万円～750万円
株式会社ミップ | 大手と取引実績多数｜年間休日125日｜賞与最大5ヵ月分,WEBに興味がある方を歓迎！【企画営業・ディレクター】土日祝休 正社員,正社員,380万円～550万円
リープ株式会社 | 年間休日125日以上 ◆ 土日祝 ◆ フレックス制 ◆ 賞与4ヶ月,バックオフィスの「まとめ役」を目指す【管理部門スタッフ】 正社員,正社員,400万円～600万円
株式会社インコス | 創業30周年を迎え更なる飛躍を目指して増員募集！,安定した環境で着実にステップUPできる!【ITエンジニア】 正社員,正社員,270万円～320万円
三昌商事株式会社 | 【 事業拡大の増員募集！】▼完全週休2日制　▼年間休日120日,自社内開発メイン＆自社パッケージあり【 ITエンジニア（PG）】 正社員,正社員,
公益情報システム株式会社 | 官公庁/公益法人の”会計・給与システム”を自社開発！転勤なし,客先常駐なし！”100％”自社内勤務！【システムエンジニア】 正社員,正社員,350万円～450万円
一般財団法人 首都高速道路技術センター | 【◆正社員募集◆完全週休2日(土日祝休み)◆資格取得 支援有り】,首都高の建設/管理で培った技術で社会に貢献【総合職（SE）】 正社員,正社員,
株式会社ワコール | 22ヵ国に事業拠点＆50ヵ国以上に商品を展開するグローバル企業,ワコールで活躍！【総合職（税務／新規事業開発／社内SE）】 正社員,正社員,400万円～800万円
株式会社エクストランス | #大阪府緊急雇用対策に賛同 #健康経営優良法人2021認定,自社クラウドサービスなどの【提案営業】※営業未経験歓迎 正社員,正社員,400万円～500万円
株式会社神奈川新聞社 | 【神奈川県に根ざし抜群の知名度を誇る新聞社】【本社勤務】,神奈川県に根ざす新聞社！【社内SE】働きやすさ抜群！ 正社員,正社員,400万円～520万円
日産車体コンピュータサービス株式会社 | 【NISSANグループ唯一のIT企業！】年間休日121日／残業月20h程度,日産の一次ベンダーとして活躍【SE・PG】100％自社内/神奈川勤務 正社員,正社員,384万円～640万円
インタセクト・コミュニケーションズ株式会社 | 姫路支社｜今期最高売上を更新｜大手と取引｜完全週休2日(土日),上流工程に携われる【システムエンジニア】残業ほぼ無 正社員,正社員,
藤田商事株式会社 | 週休2日制/転勤・出張なし/諸手当充実/大阪府緊急雇用対策に賛同,梱包資材の専門商社で活躍！【ルート営業】★基本土日祝休み★ 正社員,正社員,380万円～450万円
高圧ガス工業株式会社 | #東証一部上場#育成採用#未経験スタートも歓迎#経験者は優遇,社内のITを支える新メンバーを採用!【社内SE】※賞与4.5ヶ月実績 正社員,正社員,
SCSKサービスウェア株式会社 | 東証一部上場・住友商事グループのSCSK株式会社100％出資,【ヘルプデスク(サポート事務)】◆土日休み/定時帰宅OK 正社員,正社員,400万円～630万円
株式会社みのり | 栃木・茨城で農業資材の大型専門店『農家の店 みのり』を運営,【販売スタッフ】経験・学歴・年齢不問／賞与昨年度平均5ヶ月 正社員,正社員,300万円～400万円
株式会社オートテクニックジャパン | 働きやすさ抜群 ★年休121日／残業月25h程度／有給取得率100％★,クルマづくりの最前線に挑む【技術系総合職(機械設計/CAE解析)】 正社員,正社員,350万円～400万円
株式会社日本ビジネスデータープロセシングセンター | 年休120日以上　★7月3日（土）マイナビ転職フェア神戸に出展★,自治体での【システム運用管理】兵庫県の官公庁(教育機関系)勤務 正社員,正社員,
株式会社ｔｔｔ | 今夏５・6施設目開設／全国PV数2位の施設／職員応募数が定員超え,入社1年目から事業の中心的存在に【総合職/施設管理・人事】 正社員,正社員,320万円～350万円
株式会社日本ビジネスデータープロセシングセンター | 年休120日以上＆完全週休2日制(土日)｜入社3年間の定着率90％越,官公庁関連の【サーバー管理】★大阪市の官公庁勤務！ 正社員,正社員,
イシダ産機株式会社 | 【イシダグループ】▼創業以来赤字決算なし！web面接実施中！,【システム担当兼総務】※年間休日120日以上 正社員,正社員,
福留ハム株式会社 | ◆創業102年！西日本大手の食品メーカー ◆週休2日制,【社内SE】自社システムの運用・保守、サポートを担当！未経験OK 正社員,正社員,
プレミアムウォーター株式会社 | プレミアムウォーターホールディングス（東証二部上場）グループ,【社内SE】◎20～30代活躍中 ◎完全週休2日制 ◎残業少なめ 正社員,正社員,440万円～800万円
株式会社エージェントゲート | 定着率94%★Web面談実施中★年収120万UPでスタートの経験者も！,【ITエンジニア】★年休130日★全員面談★残業は月平均5～10時間 正社員,正社員,264万円～600万円
パーソルワークスデザイン株式会社 | 東証一部上場「パーソルホールディングス」グループ,東京・神奈川勤務【ITヘルプデスク】★社員9割が残業月10h↓ 正社員,正社員,350万円～500万円
株式会社エージェントゲート | ★有給取得率100％★産休育休取得＆復帰率100％★定着率90％超★,【ITサポートスタッフ】年休130日以上＆残業なし☆全員面談☆ 正社員,正社員,264万円～600万円
株式会社ジェイテック | 【毎年、増収増益で黒字経営】★残業月平均11h ★完全週休2日制,条件UP保証【ITエンジニア】時間有休が取得しやすい★定着率90％ 正社員,正社員,300万円～580万円
株式会社カーネルジャパン | ★土日祝休み★年休125日以上★残業月20h以下★20代活躍中,【ITエンジニア】「ココ、面接に出ますよ～」を、載せています。 正社員,正社員,200万円～1500万円
株式会社ピーエスアンドエス | ★20代活躍中/Web面接OK/残業少なめ/案件選択OK/単価8割還元,【システムエンジニア】◆WEB開発◆ゲームアプリ 正社員,正社員,400万円～800万円
株式会社早稲田アカデミー | 《東証一部上場》圧倒的な合格実績！154校の進学・学習塾を運営,【情報システム部門スタッフ】◎休暇制度充実 ◎20～30代活躍中 正社員,正社員,350万円～600万円
株式会社ヴィアックス | <創業49年・エンジニアファーストで案件を選べる！>★定着率抜群,20～30代活躍中【開発エンジニア】★残業月10hほど★月30万円～ 正社員,正社員,400万円～800万円
株式会社リンカッド | 月給42万以上＋前給保証★全国各地で採用★テレワーク100％,"サービスも会社づくりも""全員参加""で挑める！【開発エンジニア】 正社員",正社員,504万円～1000万円
株式会社Vコレクタリア | ★土日祝休★年休125日～★残業月10h以下★20代中心★資格手当◎,＼未経験90%／【ITエンジニア】★やってみたい気持ちだけでOK！ 正社員,正社員,200万円～1500万円
アイコムシステック株式会社 | 東証1部企業グループ★残業月15h以下★年末年始に最大16連休OK,【社内SE】★土日祝休み★月給36万円以上★年休132日★学歴不問 正社員,正社員,400万円～1000万円
株式会社NEXCOシステムズ | NEXCOグループ唯一のIT企業◆年休120日以上/完週休2日(土日休み),NEXCOグループを支える【社内SE】★名古屋支店の新メンバー 正社員,正社員,400万円～800万円
株式会社NEXCOシステムズ | NEXCOグループ唯一のIT企業◆年休120日以上/完週休2日(土日休み),日本の高速道路を守る【システムエンジニア(業務系開発)】 正社員,正社員,400万円～800万円
株式会社NEXCOシステムズ | NEXCOグループ唯一のIT企業◆年休120日以上/完週休2日(土日休み),NEXCOグループの【システムエンジニア(Webオープン系開発等)】 正社員,正社員,400万円～800万円
株式会社システナ | ★東証一部上場 ★自社内開発5割以上・札幌/福岡は自社内100%,ロボット、AI・IoT、スマホアプリ等【WEBエンジニア】★土日休み 正社員,正社員,400万円～1500万円
ネットフォース株式会社 | ◆右肩上がりで連続成長中 ◆年間休日122日 ◆リモート8割！,【SE】☆自社パッケージ・社内受託・プライム・上流案件で活躍！ 正社員,正社員,400万円～800万円
パーパス株式会社 | TVCMでお馴染み！創業75年の歴史をもつ安定企業,住宅設備メーカーの【社内SE・PG】万全の育成制度でスキルアップ 正社員,正社員,350万円～450万円
株式会社エヌ・エフ・ユー | 日本福祉大学のグループ会社◆残業月10～30時間程／毎週土日休,活躍フィールドは、大人気の ”大学内”【校内SE】年間休日125日 正社員,正社員,350万円～500万円
株式会社エクシードキャリア | ＼20代で月給50万円以上も可能／…家族・子ども手当なども充実◎,先輩は100％未経験スタート！【人材コーディネーター】年休129日 正社員,正社員,294万円～624万円
HRNAVI JOINT STOCK COMPANY | ベトナムでの転職に特化した人材紹介会社です！,日系有力IT企業でのマーケティングシステム開発・保守【SE／PM】 人材バンク登録,人材バンク登録,
マツダ株式会社 | ――☆年間休日121日／原則土日祝休み／その他福利厚生充実,【IT企画・開発(アプリ)】★異業界出身歓迎★最先端領域で活躍 正社員,正社員,400万円～800万円
マツダ株式会社 | ――☆年間休日121日／原則土日祝休み／その他福利厚生充実,【IT企画・開発(インフラ)】★異業界出身歓迎★最先端領域で活躍 正社員,正社員,400万円～800万円
株式会社マイナビ | 「マイナビニュース」「マイナビウーマン」「マイナビ子育て」等,【社内SE】月間1億PV超／オウンドメディアの企画開発・運用担当 正社員,正社員,380万円～570万円
HRNAVI JOINT STOCK COMPANY | ベトナムでの転職に特化した人材紹介会社です！,大手インターネットグループでの【BrSE／PM】※ベトナム勤務 人材バンク登録,人材バンク登録,
株式会社クロスアクティブ | 東証一部上場のクロスキャットグループ！31年連続黒字の安定企業,【ITエンジニア（SE・PG・インフラ）】各種手当充実／賞与年2回 正社員,正社員,250万円～450万円
株式会社イシダ | はかりしれない技術を、世界へ。1893年創業の専門メーカー,上流工程から活躍できる【システムエンジニア】 正社員,正社員,400万円～750万円
ESRIジャパン株式会社 | 米国『Esri』社製品の総販売代理店,SESからのキャリアチェンジ歓迎【プロダクトSE】※賞与実績4ヶ月 正社員,正社員,450万円～650万円
株式会社イマジカデジタルスケープ | 【東証一部・IMAGICA GROUP】★土日祝休み★業界屈指の福利厚生,AIを活用した新規サービスに携わる【社内SE】★自社開発 正社員,正社員,429万円～580万円
株式会社セブン・カードサービス | セブン＆アイ・ホールディングス＜東証１部上場＞のグループ企業,電子マネー『nanaco』システム開発等に上流から携わる【社内SE】 正社員,正社員,450万円～800万円
株式会社東名 | 残業平均25h以内／名駅より徒歩5分,【社内SE】ファイルメーカーによるシステム開発／東証一部上場 正社員,正社員,300万円～450万円
株式会社電盛社 | ＜協和エクシオグループ＞ 創業以来100年以上無借金経営を継続！,【SE・PG】◎土日祝休み ◎年間休日121日 ◎福利厚生充実 正社員,正社員,350万円～450万円
株式会社インターネットイニシアティブ | (IIJ)◎東証一部上場 ◎コロナ禍でも売上高、営業利益ともにUP,【ソリューション営業】◎テレワーク導入 ◎フレックス勤務 正社員,正社員,500万円～800万円
株式会社 NTTデータ | 専業システムインテグレーターとして”2兆円”を超える売上高,【アプリ系システムエンジニア職(PM/SE/システム企画等)】 正社員,正社員,450万円～1000万円
株式会社ホットスタッフ | ［関東本部］★リフレッシュルーム＆フリードリンクあり,未経験から人気のオフィスワーク♪【総務事務スタッフ】土日休み 正社員,正社員,230万円～300万円
株式会社NTTデータ経営研究所 | 事業変革とイノベーションの専門集団,事業の創造と変革!【経営コンサルタント】※未経験OK 正社員,正社員,500万円～1000万円
株式会社テイジイエル | 【土日祝休み／有休も取りやすい】※大阪府緊急雇用対策に賛同,【インフラ系エンジニア・SE】テレワーク可能／年間休日126日 契約社員,契約社員,420万円～720万円
株式会社メソドロジック | ★株式会社SHIFT（東証一部上場企業）のグループ会社,【システムコンサルタント】エンタープライズ系の上流案件で活躍 正社員,正社員,
株式会社インテクア | 自分の10年後、20年後を、本気で見据えたいヤツだけに告ぐ――。,20代（今）を無駄にしたくないヤツだけ、来い。【ITエンジニア】 正社員,正社員,300万円～550万円
株式会社Olivier | 【札幌市ワーク・ライフ・バランスplus企業】コロナ完全対応企業,＼札幌募集／【自社内開発SE】★在宅勤務可・残業月5h程度 正社員,正社員,300万円～840万円
株式会社what's new | #完全週休2日制（土日休み）#フレックスタイム制 #賞与年2回,多彩なキャリア選択が可能！【Webサイト構築・テスト】未経験OK 正社員,正社員,350万円～500万円
株式会社 ベストサポートシステムズ | 【残業ほぼなし／年間休日125日／完休2日制(土日祝休)】,経験が浅めの方もまずは一度お気軽にご応募下さい★【PG／SE】 正社員,正社員,
株式会社AOIインターナショナル | 人材採用のプロフェッショナル集団※転勤なし/年間休日120日以上,大手有名企業の人材採用をサポート！【事務系総合職】※未経験OK 正社員,正社員,330万円～400万円
株式会社フジワーク | 残業1日平均1h程度／土日祝休 ／有給取得率80％／住宅手当有,【プログラマー】※前職給与考慮！上流案件・自社製品も多数！ 正社員,正社員,350万円～700万円
株式会社湘南ゼミナール | 充実の研修プログラム★年3回長期連休あり★10連休取得者多数,定着率92％！『河合塾マナビス』の【教室運営】※教室長候補 正社員,正社員,397万円～799万円
ソニーセミコンダクタマニュファクチャリング株式会社 | 【ソニーグループの半導体事業】年間休日121日/土日休み,世界的な半導体需要の拡大に応える【ITシステム開発】 正社員,正社員,400万円～800万円
株式会社ディスコ | 東証一部上場◆「働きがいのある会社ランキング」に13年連続選出,"経験不問/組込み・制御系の【制御ソフト開発】平均年収1,075万円 正社員",正社員,
株式会社ディスコ | 東証一部上場◆「働きがいのある会社ランキング」に13年連続選出,社内システム・Webアプリ開発・インフラの管理等【IT系総合職】 正社員,正社員,
株式会社ケーアイエス | ☆医療×IT分野のリード企業／国家事業にも参画／年間休日120日,【医療システムの開発エンジニア】☆上流工程からの参画も可能！ 正社員,正社員,400万円～900万円
株式会社京進 | 東証二部上場,"【学習塾教室長】独立を目指し、教室長として""経営""を学べる！ 契約社員",契約社員,
アジア航測株式会社 | 【東証二部上場企業】技術で業界を牽引する航空測量大手,【空間情報システム運用支援】年間休日122日★客先常駐ほぼなし 正社員,正社員,450万円～650万円
株式会社アール・シー・エス | 《西日本放送グループで安定性バッチリ！》★WEB面接も対応中！,自社商品の【営業】年休120日～／直行直帰もOK／残業ほぼなし★ 正社員,正社員,300万円～500万円
日本カラリング株式会社 | JSR（東証一部上場）のグループ企業！ 先端技術で着実に成長中！,上場グループで活躍！【SE】★年休121日／残業月平均12時間 正社員,正社員,280万円～500万円
株式会社feat | WEB面接可/働きやすさ抜群！男性の育休取得実績あり,《勤務地は東海地区限定》【SE・PG】*完全土日祝休・手当充実 正社員,正社員,360万円～700万円
アジア航測株式会社 | 【東証二部／航空測量大手】公共案件が多数！安定経営を継続中,【空間情報システム開発(地理空間データ活用)】客先常駐ほぼなし 正社員,正社員,450万円～650万円
株式会社長谷工コーポレーション | 67万戸のマンション設計・施工を行う東証一部上場企業◎,東証一部上場企業の【ICT(情報通信技術)】★完全週休二日制 正社員,正社員,600万円～1100万円
関西ビジネスインフォメーション株式会社 | 【Daigasグループ(旧大阪ガスグループ)】◆大阪限定募集,会員サイト「マイ大阪ガス」の【プロジェクトマネージャー】 正社員,正社員,489万円～543万円
株式会社エイビス | ★完全週休2日制 ★在宅勤務OK ★上流工程で活躍 ★残業少なめ,開発スキルを活かしてキャリアUP！【SE】PL・PMも目指せる！ 正社員,正社員,
株式会社マリモホールディングス | 不動産総合デベロッパーとして51年｜マリモグループの経営を担う,【社内SE（コーポレートエンジニア）】年休120日以上／土日祝休 正社員,正社員,400万円～600万円
株式会社クオーマ | 有給取得率高／年間休日121日以上／残業月平均20時間以下,《東京勤務》【SE・PG】★完全土日休み／転勤なし 正社員,正社員,322万円～490万円
コグニビジョン株式会社 | 自社製品「事故車修理見積システム」で圧倒的シェア,【社内SE】大小様々なプロジェクトの推進／上流工程中心にお任せ 正社員,正社員,500万円～700万円
株式会社クオーマ | 有給取得率高／年間休日121日以上／残業月平均15時間ほど,《愛知勤務》【SE・PG】★完全土日休み／転勤なし 正社員,正社員,322万円～490万円
トーカドエナジー株式会社 | ★年間休日125日★土日祝休み★残業月平均5時間～15時間★,バッテリーパックメーカーでの【社内システムエンジニア】 正社員,正社員,331万円～432万円
三州食品株式会社 | 日本の食卓を支える、卵ビジネスを展開！,《小牧・車通勤可》【社内SE】★転勤なし・システム開発経験必須 正社員,正社員,350万円～480万円
京葉測量株式会社 | 官公庁案件100％！千葉のインフラを支える安定企業！,自社開発システムの【SE】自社開発100％・転勤なし 正社員,正社員,330万円～520万円
株式会社コムネットシステム | 土日祝休み・年間休日120日以上・残業月平均20時間程度,【システムエンジニア】年間休日120日以上／土日祝休み 正社員,正社員,
物産フードサイエンス株式会社 | 三井物産の100％子会社/国内シェアトップクラスの素材メーカー,安定企業で働く【社内SE（システム保守・運用）】★年休125日 正社員,正社員,400万円～600万円
株式会社イーアスリンク | 官公庁や熊本県内の大手企業との取引あり！若い会社でも将来性◎,自社製品で官公庁などとの取引多数！【SE・PG】年休124日♪ 正社員,正社員,
株式会社サンセイコンピュータシステム | 自社の業務パッケージ製品を全国に向けて開発・提案する企業,自社パッケージ製品の【SE・PG】 ◎完全週休2日制 ☆土日休み 正社員,正社員,300万円～450万円
株式会社ファルコン | ～社会に役立つソフトウェアを考えます～,社会貢献度の高い【SE/PG】＼名古屋市中区・自社内開発／ 正社員,正社員,370万円～430万円
株式会社TOKO | 「オンリーワンのNo.1企業」を目指し100年企業に向け成長中！,【社内SE】★年休120日/残業月平均10h/昨年賞与支給4ヶ月 正社員,正社員,
株式会社システムエンジニアリング | 【JASDAQ上場グループ】ホテルや大型施設の空間をプロデュース！,演出設備（音響・照明・映像・舞台装置等）の【点検・保守】 正社員,正社員,350万円～450万円
富士電波工業株式会社 | 2000度～3400度の高温炉を設計できる技術力は国内有数！,働きやすい環境でスキルを発揮【社内SE】★転勤なし★残業なし 正社員,正社員,
株式会社サンテク | 創業37年！地場エネルギー企業のシステム子会社が資本参加,【ブリッジSE（上流工程メイン）】★東京勤務・年間休日125日 正社員,正社員,450万円～600万円
株式会社オシキリ | 『OSHIKIRI』製品を世界へ！当社は”製パン機械メーカー”です。,【社内SE】年間休日120日／土日休み／残業平均10h程度 正社員,正社員,330万円～410万円
株式会社ランネット | 【独自システム構築で、システム面からさまざまな業界に貢献！】,多彩な案件を手掛ける！【PG・SE】★年休実質117日以上 正社員,正社員,
株式会社システムエンジニアリング | 【JASDAQ上場グループ】ホテルや大型施設の空間をプロデュース！,誰もが知っている著名な案件に携わる【企画営業】 正社員,正社員,400万円～500万円
株式会社センクリード | 大手メーカーの一次受け企業。自社パッケージ商品も開発中です！,【SE】＊年間休日125日／完全週休2日(土日)／残業月平均10H以内 正社員,正社員,380万円～800万円
株式会社ＧＳＩ | ★2年以内の上場を見据える成長企業★土日祝休★広瀬通駅徒歩1分,《仙台限定募集》2021年OPENの新拠点で働く！【開発エンジニア】 正社員,正社員,350万円～600万円
株式会社システムエンジニアリング | 【JASDAQ上場グループ】ホテルや大型施設の空間をプロデュース！,演出設備（音響・照明・映像・舞台装置等）の【施工管理】 正社員,正社員,450万円～650万円
株式会社扇港電機 | 電気設備資材を扱う専門商社！東海エリアではシェアトップクラス,創業72年の老舗企業で活躍！【社内SE】★四日市勤務／転勤なし 正社員,正社員,
株式会社ホクビー | 【日本全国＆海外へも展開する食肉メーカー】,＜転勤なし＞【社内SE】★ITによる業務効率&利益向上に貢献！ 正社員,正社員,
株式会社アクロホールディングス | 豊富な案件の中から、あなたの経験や希望に合わせてアサイン！,【ITエンジニア】▼完全週休2日制（土日祝） ▼福岡限定勤務 正社員,正社員,350万円～800万円
株式会社タクマ | 【東証一部上場】環境保全・エネルギープラントのパイオニア企業,社内のIT環境を推進する【社内SE】年間休日128日／離職率3％ 正社員,正社員,490万円～700万円
テクバン株式会社 | 【創業以来黒字経営／産育休・復帰実績多数♪／賞与年2回】,【顧客企業向け社内SE】土日祝休・年休124日/資格取得支援制度有 正社員,正社員,400万円～650万円
株式会社STUDIO ARC | 今期、過去最大の売上見込み！「記念日」をプロデュースする企業,アイデアを活かせる【インハウスSE】※社内業務 ※経験者採用 正社員,正社員,
株式会社アイテック | 【PKSHA Technologyグループ】トップクラスの駐車場機器メーカー,自社製Webアプリケーションの【システムエンジニア】 正社員,正社員,450万円～600万円
大口電子株式会社 | 住友金属鉱山(株)の100％子会社,【社内SE】賞与実績：平均5.6か月分！引っ越し費用補助あり！ 正社員,正社員,300万円～400万円
テクバン株式会社 | 【創業以来黒字経営／産育休・復帰実績多数♪／賞与年2回】,【インフラ運用保守SE(リーダー候補)】土日祝休・年休120日以上 正社員,正社員,400万円～650万円
テクバン株式会社 | 【創業以来黒字経営／産育休・復帰実績多数♪／賞与年2回】,【テクニカルサポート(リーダー候補)】土日祝休・年休120日以上 正社員,正社員,400万円～600万円
リビエラ株式会社 | 静岡県の老舗安定企業！大手ハウスメーカーと取引があり！,【社内SE】★賞与年3回 ★転勤ナシ★月平均残業時間20時間以内！ 正社員,正社員,330万円～420万円
株式会社湯山製作所 | 【創業57年】医療用機器メーカーのリーディングカンパニー,医療機器メーカーの業務支援システム【導入SE】★福岡エリア勤務 正社員,正社員,
日本自動化開発株式会社 | 【安定性抜群】幅広い取引先企業多数★上流工程から携われます！,【SE】★年間休日124日 ★残業月25時間 ★社員の定着率90%以上！ 正社員,正社員,400万円～720万円
NRIデータiテック株式会社 | 【東証一部上場・野村総合研究所グループ】★年休120日以上★,在宅勤務もOK！【ネットワーク／サーバ／クラウドエンジニア】 正社員,正社員,500万円～750万円
株式会社アイ・アールジャパン | 【東証一部上場】完全独立系の唯一無二のコンサルティング会社,【社内SE(自社内エンジニア)】◆年収1千万円可能 ◆自由な風土 正社員,正社員,600万円～1000万円
株式会社L is B | フレックスタイム制：完全週休2日制・年間休日120日以上,自社サービスでビジネスシーンを改革する【システムエンジニア】 正社員,正社員,400万円～700万円
株式会社タカラレーベン | ◆完全週休2日制／年間休日120日／各種手当充実／賞与年2回,【社内SE（インフラエンジニア）】☆リーダー候補採用です！ 正社員,正社員,400万円～800万円
株式会社パブリックリレーションズ | 「AI」「IoT」「IT×農業」⇒キーワードにピンときたらぜひ！,フレックスタイムで自由度あり！【SE/PG】◎自社パッケージあり 正社員,正社員,
日本総合システム株式会社 | 【コロナ禍でも増収増益見込み】☆残業月10h☆男性の育休実績有,大手企業への導入実績多数！自社パッケージに携わる【SE】 正社員,正社員,450万円～700万円
株式会社アンドパッド | 《業界のDX推進をリードするSaaS企業／累計87億円の資金調達》,成長フェーズにある会社をITで支える！【社内SE】★年休126日 正社員,正社員,480万円～600万円
株式会社テクノプロ | テクノプロ・IT社<東証一部上場 テクノプロ・グループ>年休123日,【ITエンジニア(開発/インフラ)】残業月12.5h/在宅勤務も対応可 正社員,正社員,350万円～650万円
小松鋼機株式会社 | 小松に密着した老舗商社！残業ほぼなし！コア人材として活躍！,自分の実力を思いっきり試せる【社内SE】U・Iターン応募も歓迎！ 正社員,正社員,
アコム株式会社 | ─◆三菱UFJフィナンシャル・グループ／東証一部上場企業◆─,「世界のアコム」の実現に向けてシステムを支える【社内SE】 正社員,正社員,500万円～730万円
株式会社アットファイブ | 【事業拡大成長企業/残業10h以内/月給30万円以上/在宅勤務も】,【開発エンジニア】次世代リーダー候補採用！前給保障★ 正社員,正社員,360万円～420万円
株式会社ユニネットワーク | 【☆特許】自社パッケージ有／賞与4ヶ月実績／土日祝休／残業少,【SE】開発経験者優遇/20～30代活躍中！社員の働きやすさ重視★ 正社員,正社員,370万円～700万円
株式会社ジョブサポート | ★2500名のSE育成実績あり／完全週休2日制(土日)・残業少なめ★,★SE育成のプロチーム★ゼロから技術が身につく【ITエンジニア】 正社員,正社員,250万円～550万円
株式会社インテック | ◆ノルマなし＆インセン◎/土日祝休み＆年休125日でオンオフ充実,転勤なし×未経験歓迎！【総合職(営業/人材コーディネーター)】 正社員,正社員,330万円～450万円
アイニックス株式会社 | 顔・指紋認証など自動認識技術を牽引/在宅有/残業月平均20h,自動認識技術で最先端へ！【システムエンジニア】月給33万円～ 正社員,正社員,500万円～700万円
株式会社第一コンピュータリソース | 【設立52年・大手企業とも取引】転勤なし！好きな地域でスタート,仕事も働き方も業界の一歩先を行く【SE/PG】★年間休日126日 正社員,正社員,
株式会社アビリティ | 【2005年設立】☆開発案件に強み☆稼働率100％☆年間休日125日,千差万別のキャリアを描く！【ITエンジニア】*在宅8割*月給35万~ 正社員,正社員,450万円～1000万円
株式会社ランテック | 【大阪府緊急雇用対策に賛同】東証一部上場「センコーグループ」,""" 人の役に立つ仕事 ""を始めませんか？【 総合職 】地域限定採用 正社員",正社員,
株式会社Vヴィズリア | ★年休125日超★土日祝休み★残業18h以下★完全週休2日★面接1回,立仕事onlyから自分の可能性に挑戦【ITエンジニア】★未経験OK 正社員,正社員,200万円～1500万円
株式会社GSI | ★定着率92％ ★年休128日 ★有給消化率71％ ★リモートあり,4ヶ月の研修でデビュー!【エンジニア】★未経験歓迎★土日祝休み 正社員,正社員,
KDDIエンジニアリング株式会社 | 【KDDIグループ】★「健康経営優良法人2021」認定,5Gを通して通信業界に旋風を巻き起こす未来をつくる【営業職】 正社員,正社員,450万円～650万円
アクセンチュア株式会社 | 「 女性が活躍する会社 」第1位に選ばれたグローバル企業です！,クライアントとともにDXを実現する【 BPOリーダー候補 】 正社員,正社員,350万円～1000万円
アデコ株式会社 | Modis事業本部/5G、IoT等の最先端技術に挑戦/帰社日＆日報なし,中途入社者の9割が年収アップ◆賞与年2回【インフラエンジニア】 正社員,正社員,350万円～1000万円
シアトルコンサルティング株式会社 | 年齢に関わらず上流～開発まで経験/中途入社100%給与アップ◎,【WEBエンジニア】Ruby・Vue.js・AWS等モダンなプロジェクト多数 正社員,正社員,400万円～800万円
株式会社ドン・キホーテ | 東証一部上場PPIHグループ/大阪府緊急雇用対策に賛同/残業少なめ,★学歴完全撤廃★20代活躍中！★企画もできる【販売スタッフ】 正社員,正社員,300万円～800万円
Ｓｋｙ株式会社 | ＜社員定着率96％※2021年3月期＞,【インフラ系エンジニア】◆インフラの提案導入からサポートまで 正社員,正社員,
株式会社Crane＆I | 設立8年目／年休120日以上／年収1000万円も目指せる＜面接1回＞,未経験から稼げる【インフラエンジニア】へ！★昇給最大20万up★ 正社員,正社員,360万円～1000万円
株式会社システナ | <東証一部上場>★年休128日★土日祝休★残業1日1H以内★同期多数,【ITサポート事務】★まだまだ勉強・成長したい未経験のあなたへ 正社員,正社員,350万円～400万円
アルユーアイ株式会社 | ★給与UP保証★完全週休2日(土日)★年休126日★残業10時間以内,【 ネットワーク・サーバエンジニア】★未経験・経験者とも歓迎 正社員,正社員,300万円～600万円
"株式会社NTTデータ四国 | 《株式会社NTTデータグループ》最先端の技術で""世界""と繋がる！",決済系システム開発の【SE】テレワーク・フレックスタイム導入★ 正社員,正社員,350万円～600万円
相鉄バス株式会社 | 【100年超の歴史／安定の相鉄グループ】★社員の生の声を公開中,普通免許から【バス運転士】へ★免許取得サポート&研修も充実！ 正社員,正社員,350万円～500万円
株式会社ブライトノア | 【大手企業の案件が多数】★土日祝休★年休125日~★残業20h以下,【ITエンジニア】ゲーム・アニメ好きの同期と一緒だから楽しい♪ 正社員,正社員,200万円～700万円
株式会社スタッフサービス | エンジニアリング事業本部,大手基盤・安定成長！【ITエンジニア】★残業月11h/選べる勤務地 正社員,正社員,300万円～700万円
株式会社ラクスパートナーズ | 上場企業グループ/9割が未経験スタート/年休120日以上/残業月10h,【ITエンジニア】★3ヶ月間の研修からスタート★未経験OK 正社員,正社員,300万円～500万円
株式会社アーバン・ウェブ | ★月の半分リモートワークOK★有給消化ほぼ100％で実質140日休み,【システムエンジニア】★経験者は前職給与保証 正社員,正社員,360万円～750万円
株式会社エーシーエス | 福山で設立し22年／年間休日123日／自社開発案件多数／転勤なし,★経験者優遇★月給25万以上！【SE・PG】※残業平均月10h程度 正社員,正社員,350万円～560万円
Rセキュリティ株式会社 | 20年連続増収増益◆2020年2～5月は売上前年比”125％以上”,未経験者歓迎！【錠前技師】完全週休2日制★年収1500万円可能 正社員,正社員,300万円～500万円
株式会社アンスール | Java開発案件をはじめ、最新言語での開発やゲーム開発案件も！,やりたいことを本気で実現！【ITエンジニア】★未経験OK 正社員,正社員,
株式会社SHIFT | 東証一部◆ニーズが高いアジャイルの知見が豊富◆在宅比率99％,アジャイル開発におけるPMを担う！【スクラムマスター】 正社員,正社員,420万円～960万円
株式会社KSEシステムクリエイト | 年休128日*土日休み*残業少*WEB面接1回！*20～30代活躍中！,研修4ヶ月後に安心デビュー！【WEBエンジニア】★未経験大歓迎 正社員,正社員,250万円～500万円
株式会社LIC | 【26期連続黒字】★新業務スキームの開始に伴う採用！,＜札幌採用／転勤なし＞【システムエンジニア(PM)】月給30万円～ 正社員,正社員,400万円～650万円
グルーコードシステムズ株式会社 | ★時代の転換期にチャレンジングな転職を応援★プライム案件9割,★前給＋α保証 ★年休最大140日 ★多様な働き方【エンジニア】 正社員,正社員,300万円～1500万円
株式会社システムイオ | MITホールディングス（東証JASDAQ上場）グループ,【開発エンジニア】社会基盤分野＆DX提案★経験・未経験とも歓迎 正社員,正社員,300万円～550万円
株式会社ジェネコム | ◇未経験歓迎！◇完全週休2日（土日休み）◇実働7時間,知識とスキルを身に付ける【システム開発営業】★年休130日以上 正社員,正社員,308万円～450万円
WEBHELP JAPAN株式会社 | フランスに本社を構え、世界35ヶ国に展開するグローバル企業です,英語力アップが目指せる【テクニカルサポート】★月給30万円以上 正社員,正社員,360万円～531万円
KDDIエンジニアリング株式会社 | 【KDDIグループ】★「健康経営優良法人2021」認定,IoTの経験を活かせる【ソリューションエンジニア】★土日祝休み 正社員,正社員,450万円～650万円
株式会社アクロビジョン | 《社員ファースト企業》★定着率90％ ★Web面接1回で内定！,【インフラ/開発エンジニア】エンジニアデビューも全力応援！ 正社員,正社員,300万円～800万円
セブンシーズ株式会社 | 設立25年！大手直請実績が多数/年休127日/残業月10～20h,前職給与保証！年収700万円～も可能【ITエンジニア】※PL/PM候補 正社員,正社員,600万円～850万円
株式会社ケアリッツ・アンド・パートナーズ | <ITと介護事業を手がける成長企業>毎年140%以上の増収★残業少,経験1年もOK！【プログラマー】★前職給与+30万以上UPの実績多数 正社員,正社員,350万円～1020万円
東芝テック株式会社 | ★TOSHIBA(東芝)グループ★東証一部上場★賞与4.8カ月(昨年実績),POS業界シェアNo.1！店舗システムの【営業】★20代～30代活躍中 正社員,正社員,400万円～650万円
株式会社ビジネスブレーン | ★土日祝休み・年間休日120日以上★大阪府緊急雇用対策に賛同,自社開発システムなどの【提案営業】★IT知識不要＆未経験歓迎★ 正社員,正社員,
株式会社アイアンドエーエス | 「外為オンライン」「アイネット証券」などを運営するISグループ,＼第二新卒・経験浅めの方も大歓迎／【社内SE】★20代若手活躍中 正社員,正社員,400万円～700万円
サーヴェイトコンサルティング株式会社 | 【経験者は前給保証】*テレワーク案件有*20～30代活躍中*面接1回,未経験歓迎の【初級エンジニア】年休123日*土日祝休み*残業少！ 正社員,正社員,300万円～1000万円
株式会社フルマークス | ★新しい技術をビジネスにつなげる会社です！,【ITエンジニア(開発/インフラ)】◆20～30代が活躍中！ 正社員,正社員,540万円～1200万円
株式会社トーヨー建設 | トーヨーグループの中核で変革を繰り返すVisionary-Company,地場に根付く【施工管理】★ITをフル活用し、残業削減へ 正社員,正社員,300万円～800万円
株式会社シスナビ | ◆残業月15h以内◆年休120日以上◆完休2日(土日休み)◆賞与年2回,"""やりたい！""を叶える会社【SE・PG】★前給保証★月給30万円以上 正社員",正社員,450万円～800万円
株式会社メイテック | 東証一部上場／自動運転やAIの最先端案件・年収100万UPの事例有,【制御・組込みエンジニア】◆トヨタ自動車・SUBARUなどのPJ担当 正社員,正社員,400万円～800万円
株式会社SCRIPT | ◆年間休日122日 ◆土日祝休み ★大手クライアントとの取引多数,【SE・PG】★残業月6～7時間★多彩なプロジェクトあり 正社員,正社員,350万円～650万円
株式会社セオ | ◆年間休日125日◆フレックス制＆リモートワーク選択OK,★自社内開発100％★【ITエンジニア】建設業界をシステムで支援 正社員,正社員,350万円～500万円
株式会社データワンテクノロジー | 【業績好調】★現在待機ゼロの安定性★残業月平均10～20ｈ,【ITエンジニア】★新価値創造に挑戦★育成環境安心★定着率90％ 正社員,正社員,300万円～1000万円
株式会社ハートソフト | オンライン面談実施中！業務拡大・案件増加により増員募集！,納得できる評価と理想のキャリアを描く【Webエンジニア】 正社員,正社員,
株式会社東北電子計算センター | 東証一部上場グループの仕事を担当/残業月20h程度/資格祝い金有,【システムエンジニア】年休122日/完休2日(土日祝)/賞与4ヵ月分 正社員,正社員,
株式会社八木ビジネスコンサルタント | ★創立37年目★東証一部グループ ★“カジュアル面談”を開催中,【開発エンジニア】社内受託案件メイン/SAPコンサルも目指せる 正社員,正社員,400万円～800万円
株式会社ジェイエスキューブ | 【上場企業グループ】◆賞与4.44カ月◆残業月20h以下,100％自社内＆自社製品！【SE/PG】★フレックス★年間休日127日 正社員,正社員,360万円～550万円
株式会社ビーサンク | ★安定基盤あり・エクソンホールティングスの一員 ★面接1回,第二新卒歓迎！【ITエンジニア】★年休120日以上 ★残業少なめ 正社員,正社員,320万円～650万円
株式会社システムオリジン | 業界シェアトップクラス／年間休日120日以上・完全週休2日制,自社システムでお客様の課題を解決！【提案営業】未経験歓迎！ 正社員,正社員,300万円～420万円
中西商会株式会社 | 【激動の物流業界をITで支える成長企業】業績好調！月給30万円～,自社製品を開発する【社内SE】＊完全週休2日(土日祝)・残業月10H 正社員,正社員,400万円～1000万円
株式会社ビジネクスト | ◆学歴不問／土日祝休み／年間休日123日／残業少なめ／少数精鋭,【ITコンサルタント/PM】月給29万円以上／在宅勤務／副業OK 正社員,正社員,400万円～1000万円
新生電機株式会社 | 【創業約60年／制御機器・部品の専門商社です】,安定した専門商社の【ルート営業】年休113日★20～30代活躍中！ 正社員,正社員,
株式会社LeoITコンサルティング | ◎2019年の設立から成長中 ◎30代活躍中 ◎創業期メンバー,自社サービスも始動予定！【 SE・PG 】★年休120日/残業ほぼなし 正社員,正社員,350万円～500万円
株式会社ロックシステム | YouTuber/新サービス企画など展開活発│大阪府緊急雇用対策賛同,創業以来ずーっとSESほぼ残業ゼロ！伸び伸び成長できる【SE/PG】 正社員,正社員,400万円～700万円
ベックス株式会社 | 都市再開発や地域発展事業等のプロポーザル作成の専門コンサル,【ITエンジニア】★社内外システム開発・運用と新規事業の展開★ 正社員,正社員,400万円～800万円
アクサ損害保険株式会社 | 土日祝休み/年休120日以上/残業月平均20H以内/リモートワークOK,若手活躍中！『AXAブランド』の成長を支える【データ企画担当】 正社員,正社員,450万円～500万円
株式会社パワーエッジ | 【コロナ禍でも安定】★完全週休2日★残業月10h以下★在宅勤務OK,新人ベテラン大歓迎★キャリアアップを万全サポート！【PG/SE】 正社員,正社員,300万円～750万円
エフエー・ネット株式会社 | 年間休日121日／自社内開発／未経験育成に自信アリ,【ロボットエンジニア】★最先端技術でモノづくりの未来を創る！ 正社員,正社員,300万円～400万円
株式会社アストロステージ | ★医療分野の成長企業！社会貢献度と将来性の大きさが魅力！,医療機関向けシステム【導入サポート】全国7拠点採用★転勤なし 正社員,正社員,350万円～600万円
株式会社アストロステージ | 100％自社内開発でスキルアップも可能！希望勤務地考慮,【自社内勤務の開発エンジニア】医療の未来を支えるメーカー企業 正社員,正社員,400万円～600万円
株式会社マイナビ | 就職や転職などのあらゆる人生の岐路を支えるサービスを提供,【人材系新サービスのキャリアアドバイザー(CA)】※IT業界経験者 正社員,正社員,380万円～570万円
サン・ライズ・システムズ株式会社 | ◆受託開発・自社内開発あり◆年間休日120日◆在宅勤務OK,"*サポート体制ばっちり*【ITエンジニア】★月額40万~66万7,000円 正社員",正社員,480万円～800万円
株式会社日本ビジネスデータープロセシングセンター | 年休120日以上｜原則定時退社｜中途3年間の定着率90％以上,AWS開発が学べる！【クラウドエンジニア】★在宅勤務可能★ 正社員,正社員,300万円～450万円
メモリーハウス株式会社 | 完全週休2日(土日祝)／残業少なめ／社内副業制度あり,上流工程からすべてを任せる！【SE】※年間休日122日 正社員,正社員,
株式会社トーケミ | 設立以来黒字経営を継続するメーカー｜ろ過材シェアトップクラス,【社内SE】※残業月10～15時間！創業以来黒字経営！賞与年3回 正社員,正社員,350万円～600万円
ジーエムラボ株式会社 | 【国家的なプロジェクトでも多くの導入実績あり】,＼経験者募集／【PG/SE/WEBデザイナー】◆賞与年3回・土日祝休み 正社員,正社員,400万円～700万円
株式会社インバウンドテック | マザーズ上場,【社内SE 】★経験がない方や独学の方も応募OK！★転勤なし 正社員,正社員,300万円～360万円
株式会社Caelus | 社長も現役！エンジニアの理想を叶える会社★副業OK！,【ITエンジニア】スタートメンバー募集★受託料の8割が給与に！ 正社員,正社員,
株式会社電算 | 【東証1部上場】新たな価値を創造する独立系SIer◇WEB面接OK,サービスの高度化に貢献【SE】実質年休125日◇賞与平均5.4ヶ月 正社員,正社員,350万円～650万円
ESシステム株式会社 | 転職組の全員が年収UPを実現／ここ10年で退職者1名と定着率抜群,【SE・PG】経験者募集／月給30万円以上／年間休日125日 正社員,正社員,400万円～700万円
東京技工株式会社 | 【創業67年！100年企業へ】社員を想い働き方進化中！賞与5カ月分,首都圏のガスを支える【技術系総合職（設計/測量）】★未経験OK 正社員,正社員,350万円～500万円
株式会社創成 | 《ITTO個別指導学院を運営》四国を中心に全国で25校を展開！,★愛媛県内のみ・転勤なし★経験不問の【教室運営事務スタッフ】 正社員,正社員,300万円～400万円
株式会社GSD | ◆1度に月給10万円UPも可 ◆残業月20h程 ◆産育休・時短実績あり,【ITエンジニア】※前職給与を考慮 ※年間休日120日以上 正社員,正社員,300万円～900万円
株式会社アミパラ | 《いつも笑顔で働ける職場！》賞与実績6ヶ月分／年休実質120日～,実務未経験OK！【社内システム担当】残業平均10h以内★賞与年3回 正社員,正社員,
上田鍍金株式会社 | ●創業101年。業界の日本を代表する大手企業●業界売上京都府2位,社内ＳＥ、社内ＰＧ、機械設計、電気電子設計【総合職】 正社員,正社員,
株式会社ヒューマンウェア | ★残業ほぼ無し/完全週休2日(土日祝)/WEB面接可/転勤なし★,事務系総合職（IT事務/経理・財務サポート/営業事務/一般事務） 正社員,正社員,250万円～450万円
日産車体コンピュータサービス株式会社 | 年間休日121日以上 ★長期出張＆転勤なし ★在宅勤務制度導入中,＼日産グループで活躍／【ITエンジニア】★沖縄勤務★残業月15h 正社員,正社員,
学校法人 高宮学園 | 【代々木ゼミナール】★正職員/完全週休2日/20～30代活躍中★,【予備校業務(教材作成/営業/SE/HP管理)】☆総合職採用☆ 正社員,正社員,300万円～400万円
株式会社エフ・エム | #WEB面談#年休125日#リモート案件あり#大阪府緊急雇用対策に賛同,【ITエンジニア(開発/インフラ)】スキルUPが叶う環境 正社員,正社員,350万円～640万円
株式会社マイクロフィッシュ | 完全週休2日制・土日祝休み・年休120日以上・服装髪型自由,未経験歓迎！文書管理のパイオニアで活躍する！【事務スタッフ】 正社員,正社員,250万円～450万円
株式会社ホンダクリオ上尾 | 県内No.1の〈Honda車の正規ディーラー〉　★賞与は年3回！,〈賞与5.2か月〉★無資格OKの【メカニック】※27歳以下の方 正社員,正社員,350万円～600万円
株式会社クロノステクノロジー | ■未来を感じるハイレベルなプロジェクトに携わりませんか？,『 最先端を体現し、新しい未来を創る会社です 』【 SE 】 正社員,正社員,300万円～500万円
株式会社アーカイブ | 高定着率◎創業16年で退職者2名！アルバイトさえ退職しない会社,【SE/PG】社長と冗談を言い合えるーあなたの人生を思いやる会社 正社員,正社員,450万円～650万円
株式会社タイルメント | <建築用の接着剤メーカー>★残業月平均10h★30代を中心に活躍中,＼ 社内のIT化を進め、会社に貢献！／【IT事務】★年間休日125日 正社員,正社員,
株式会社構造システム | <ほぼ100％自社開発の製品を扱う！>★土日祝休み&年間休日120日~,【IT系総合職（社内SE・エンジニア）】残業月20h以内/フレックス 正社員,正社員,300万円～500万円
株式会社四国テクニカ | 抜群の安定感！＜森実運輸グループ・サイボウズパートナー企業＞,企業のICT化を推進・支援する【ICTソリューション営業】 正社員,正社員,250万円～450万円
有限会社アクアネット | 各駅徒歩5分♪頑張った分はインセンティブでもしっかり還元！,しっかり稼げる！未経験でも月給25万円～【ルームアドバイザー】 正社員,正社員,350万円～700万円
社会保険労務士事務所Adjust HR | 大阪府緊急雇用対策に賛同｜DX推進支援など高い専門性で成長中,未経験歓迎【人事労務コンサルタント】将来のスペシャリスト 正社員,正社員,400万円～549万円
セレンディップ・テクノロジーズ株式会社 | ★賞与昨年度実績4ヶ月分 ★住宅手当や奨学金の返済支援あり,やりたいこと進みたい道、全て選べる【開発エンジニア】土日祝休 正社員,正社員,400万円～800万円
株式会社okicom | 沖縄本社 | 官公庁・民間企業に向けたIT関連の総合コンサル企業,【 営業 】▼IT業界が未経験でもOK ／ 完全週休2日制（土日） 正社員,正社員,
株式会社エム・エー・ティー | 2021年1月に《Google Cloud パートナー企業》になりました！,【ITエンジニア】事業拡大で業績急進中！※経験者募集※ 正社員,正社員,320万円～550万円
国立研究開発法人情報通信研究機構 | 【NICT】サイバーセキュリティネクサス　◆20～30代活躍中,【研究技術員(SE)】サイバーセキュリティ情報分析・演習基盤運用 契約社員,契約社員,478万円～780万円
株式会社リボルブ沖縄 | ★Web面接実施中★ 沖縄にいながら大規模案件に携わるチャンス！,【ITエンジニア】100%自社内開発！SEを目指しているPGも大歓迎！ 正社員,正社員,
株式会社Fusion | 【定着率9割超え】残業平均10h程度/年間休日124日/人間関係◎,エンジニアとして幅が広がる【SE/PG】★自社製品の開発が進行中 正社員,正社員,
株式会社金沢シール | 「健康経営優良法人2021ブライト500」認定！,【総合職(営業/社内SE)】提案営業やシステムに興味がある方募集 正社員,正社員,250万円～450万円
株式会社ストライドウェブ | 【クライアントと直取引】★完全週休2日★土日休み★残業10h程度,完全自社内開発の【プログラマー】★正社員登用実績100％ 契約社員,契約社員,420万円～550万円
プラスカーゴサービス株式会社 | 効率的な物流を実現する！プラス ロジスティクスグループ企業,自社～お客様向けのシステムを幅広く対応【社内SE】月給25万円～ 正社員,正社員,350万円～490万円
タグジャパン株式会社 | 土日の完全週休2日制／残業月20h以下／年間休日125日,100％自社内開発＊自社サービスの【開発エンジニア】 正社員,正社員,300万円～500万円
タグジャパン株式会社 | 未経験歓迎＊女性活躍中＊年間休日125日＊賞与年2回,完全週休2日制★ 自社システムの【導入サポートスタッフ】 正社員,正社員,300万円～500万円
株式会社ゴーフィールド | ★完全週休2日制 ★転勤なし,【システムエンジニア】サーバー関連・CMSカスタマイズ業務 正社員,正社員,
九州ワーク株式会社 | 【クロスワーカー】★「働く」を支えて53年の安定企業,【総合職（営業・配送・マーケティング・経理・店舗店長候補)】 正社員,正社員,
株式会社ウェブフロンティア | 横浜ランドマークタワー31階。開発強化のため2018年5月増床移転,社内開発や自社サービス強化中！【Web開発SE】／未経験者歓迎 正社員,正社員,300万円～1000万円
株式会社ピー・ビーシステムズ | ソリューション事業で成長を続ける上場企業！大手と多数取引有,年間休日123日！【ソリューション営業】☆資格取得支援あり 正社員,正社員,
株式会社ウェブフロンティア | 【横浜ランドマークタワー31階☆リモートワークも積極導入中！】,社内開発や自社サービス強化中！【スマホ開発SE】★経験者募集 正社員,正社員,300万円～1000万円
株式会社ウェブフロンティア | 横浜ランドマークタワー31階。開発強化のため2018年5月増床移転,社内開発や自社サービス強化中！【スマホ開発SE】／未経験者歓迎 正社員,正社員,300万円～1000万円
株式会社ピー・ビーシステムズ | ソリューション事業で成長を続ける上場企業！大手と多数取引有,.*☆完全週休2日制×年間休日123日！☆*.【インフラエンジニア】 正社員,正社員,
アサミ情報システム株式会社 | 大手企業・官公庁との直取引実績多数★大阪府緊急雇用対策に賛同,自社システムの開発【SE】完全社内業務！時差出勤対応あり 正社員,正社員,350万円～500万円
株式会社ウェブフロンティア | 【横浜ランドマークタワー31階☆リモートワークも積極導入中！】,社内開発&自社サービス強化！【Web開発SE】★経験者募集 正社員,正社員,300万円～1000万円
スリープラス株式会社 | 【黒字経営＆さらなる成長を目指す増員募集】◎自社内開発あり,【ITエンジニア】経験の浅い方もOK ★年間休日125日＆土日祝休み 正社員,正社員,350万円～610万円
株式会社リッシュプラス | ★「矢場町駅」徒歩7分／完全土日休み／有休100%消化OK,グループ全体をIT面から支える【社内SE】★残業ほとんどなし 正社員,正社員,300万円～420万円
株式会社日本ビジネスデータープロセシングセンター | 年休120日以上＆完全週休2日制(土日)｜入社3年間の定着率90％越,大手ベンダーのデータセンターでの【運用管理】★経験者歓迎！ 正社員,正社員,
関光汽船株式会社 | ★年間休日120日 ★前回の募集で30代前半の若手が入社しました！,【社内SE】★自社内開発オンリー ★社員食堂＆借上社宅有 正社員,正社員,300万円～450万円
"株式会社タカインフォテクノ | ★川越本社の""小規模ながら実力ある""IT企業 ★年間休日120日",未経験歓迎【ITインフラエンジニア】＊埼玉・東京勤務＊研修有り 正社員,正社員,300万円～400万円
株式会社タカラトミーアイビス | 【東証一部上場タカラトミーグループ】※正社員登用制度あり※,おもちゃメーカーのシステムを支える【社内SE】※残業月10h以内 契約社員,契約社員,300万円～500万円
インフォニイ株式会社 | ◎有給消化10.8日 ◎残業10.6時間 ◎転勤なし ◎完全週休2日制,《待遇重視》のあなたも大歓迎！【ITエンジニア(SE／PG)】 正社員,正社員,
株式会社エーフロンティア | 【経験者募集/自社パッケージもリリース/資格取得支援充実】,「やりたい・挑戦したい」を実現！【SE/PG】★残業月20h程度 正社員,正社員,350万円～600万円
テックマート株式会社 | エンジニアの成長を応援「生涯現役のプロフェッショナル」へ！,市場価値の高いエンジニアへ成長【SE（WEB・オープン系）】 正社員,正社員,400万円～500万円
株式会社小田原エンジニアリング | 世界トップクラスのシェアを誇るモーター用巻線設備メーカー,JASDAQ上場企業で活躍できる【社内SE】 正社員,正社員,450万円～800万円
新日本システック株式会社 | 東証一部上場イトーキのグループ会社★直近3年間の離職率0％！,【組込系/制御系/開発SE】★年間休日120日以上・残業ほぼ無し！ 正社員,正社員,350万円～600万円
ユニバース情報システム株式会社 | 完全週休2日制／残業月平均20H以下／産休・育休制度あり,46年の歴史を誇る独立系Sierで活躍！【ITエンジニア】 正社員,正社員,440万円～600万円
ミクロン精密株式会社 | 限りなき円の追求で研削技術・技能を極める専用工作機械メーカー,【社内SE】完全週休二日制・残業少なめ・転勤なし 正社員,正社員,
株式会社ｅｃｏｍｍｉｔ | 独自の流通網で海外20か国以上と取引をする環境ベンチャー企業！,【CTO(技術責任者)プロジェクトマネージャー】年収1000万円可能 正社員,正社員,480万円～1000万円
株式会社マイナビワークス | 【マイナビグループ】#土日祝休み #残業月平均20～30時間,【フロントエンドエンジニア】マイナビグループで活躍／土日祝休 正社員,正社員,400万円～500万円
株式会社ノベルズ | 【グループ売上264億円】◎U・Iターン向けの費用サポートあり,★技術力より人物重視/経験浅OK ★先進技術に携われる【社内SE】 正社員,正社員,
日本フォームサービス株式会社 | 創業63年のメーカー★住宅・家族手当など充実,【管理部門担当（社内システム管理・人事など）】未経験歓迎 正社員,正社員,320万円～530万円
株式会社MGIC | PM経験者を積極採！受託開発に力を入れる回路設計の職人集団,充実の体制でスキルアップ【デジタル回路設計】★年間休日125日 正社員,正社員,375万円～610万円
三愛石油株式会社 | 東証一部上場｜「健康経営優良法人」に2017年より4年連続認定,【社内SE(企画・開発)】年休121日／完全週休2日／残業月平均10h 正社員,正社員,450万円～880万円
十全化学株式会社 | 積極的に事業領域拡大を進めるリーディングカンパニー,設立70年！富山県優良企業での【社内SE】※人物重視 正社員,正社員,400万円～700万円
東亜システム株式会社 | 医事会計や電子カルテなど、医療システムを手がける会社！,ITの力で医療業界に貢献！【SE】★完全土日祝休み 正社員,正社員,
株式会社リブドゥコーポレーション | 設立56年！業界トップクラスのシェアを誇るメーカー企業,医療現場の効率化を実現!【SE】★年休120日／残業平均月20h程度 正社員,正社員,350万円～500万円
株式会社テクネット | 長野駅から徒歩8分の駅チカ☆完全週休二日でプライベートと両立,自社ブランドシステムの【ソフトウェア開発】◎年間休日128日！ 正社員,正社員,300万円～500万円
株式会社神奈中情報システム | 【東証一部/ 神奈中グループ】抜群の安定感 ◆湘南エリアで働く,★自社パッケージ開発多数！【社内SE】上流工程に携われます！ 正社員,正社員,300万円～500万円
株式会社ACO | 土日祝＆長期休暇あり｜産前産後休暇・育児休暇の取得実績あり,経営志向のデザインツールを提供【Web系SE・プログラマー】 正社員,正社員,
日本システム総合研究所株式会社 | ◎年休125日◎残業月20h程度,★8割が1次請【システムエンジニア】※Javaの開発経験者歓迎！ 正社員,正社員,350万円～550万円
株式会社アール・シー・エス | 《西日本放送グループ》#100％自社開発 #土日祝休み #転勤なし,直近6年間離職者ゼロ☆テレワークOK☆【社内SE】残業少なめ☆ 正社員,正社員,300万円～500万円
東亜システム株式会社 | 医事会計や電子カルテなど、医療システムを手がける会社！,医療現場を支える【SPDシステムエンジニア】★完全土日祝休み 正社員,正社員,
エヌアイシィ株式会社 | ＜入社後3ヶ月の研修有＞資格取得支援／住宅手当／年間休日124日,【未経験OKのITエンジニア】3ヶ月間は実務ナシで社内研修に集中 正社員,正社員,300万円～350万円
株式会社カーブスジャパン | 国内2000店舗以上を展開/完全週休2日(土日祝休み)/年間休日120日,【社内SE】業界トップクラスの企業をITで支える◆人柄重視の採用 正社員,正社員,400万円～600万円
三愛石油株式会社 | 東証一部上場｜「健康経営優良法人」に2017年より4年連続認定,【社内SE(保守・運用)】年休121日／完全週休2日／残業月平均10h 正社員,正社員,450万円～880万円
山九株式会社 | 東証1部上場｜創業102年｜グローバルに事業展開中,【シンガポール勤務の社内SE】半年～1年程度は国内(本社)でOJT 正社員,正社員,400万円～560万円
株式会社Vコレクタリア | ★未経験スタート90％★残業月10h以下★20代中心★年休125日以上,【インフラエンジニア】★MAX月5万円の資格手当あり★土日祝休み 正社員,正社員,200万円～1500万円
日本電気計器検定所 | ◆計量法に基づく第三者機関 ◆高定着率！平均勤続年数27.4年,安定性◎公正中立な第三者機関で活躍！【社内SE】年休125日以上 正社員,正社員,430万円～550万円
株式会社第一コンピュータサービス | 日立のセグメントパートナー★プライベート安心！育休実績も豊富,【システム開発エンジニア】★年休120日｜リモートワーク活用中 正社員,正社員,300万円～550万円
学校法人国際理工学園 | 【国際理工情報デザイン専門学校】残業少なめ・土日祝休み,IT・ゲーム分野等専門学校の【専任教員】年休130日以上 正社員,正社員,400万円～800万円
株式会社アクウェア | 年間休日127日／残業月20h程度／テレワーク・時差出勤も実施中！,【プログラマー／システムエンジニア】★昨年度賞与:6.0ヶ月分 正社員,正社員,350万円～650万円
マルヤス工業株式会社 | 国内の全自動車メーカーと取引するTier1企業★完全土日休み,この先さらにDXを強化！スキルを活かせる【社内システム開発】 正社員,正社員,300万円～500万円
上海中和軟件有限公司 | (上海中和株式会社)◆大手直取引◆日中合弁企業として1991年設立,年収1200万円も目指せる！【SE・PG】1ヶ月超の長期休暇可 契約社員,契約社員,540万円～1200万円
医療法人社団輝生会 | 残業月10h程度/年休120日超等、プライベートも大切にできる！,【病院事務】※20～40代中心に活躍中！未経験も歓迎！ 正社員,正社員,250万円～350万円
株式会社エクシードキャリア | ＜履歴書不要で応募OK★WEB面接可★条件に合う方面接確約＞,仕事も私生活も大切にできる♪【事務スタッフ】＊年休129日＊ 正社員,正社員,276万円～380万円
株式会社コントロールテクノロジー | 国内最大級２０００万人が使う予約システム！研修制度完備,やりがいを感じながら成長できる【Webエンジニア】 正社員,正社員,360万円～600万円
株式会社セイコーフレッシュフーズ | 道民おなじみ！コンビニ「セイコーマート【Secoma】」の物流・卸,＜8割転職者／札幌勤務／年休120日＞運用メインの【社内SE】 正社員,正社員,
株式会社丸美屋 | ベストセラー『お城納豆』でお馴染み★安定の食品業界で成長する,会社改革！あなたの”やりたい”にチャレンジできる！【社内SE】 正社員,正社員,
株式会社ナナミ | 長年教育業界の製品を作ってきた製造メーカーで安定感抜群,会社の成長を支える【社内SE】経験者募集／やりがいある環境 正社員,正社員,300万円～450万円
株式会社クラックスシステム | #大阪府緊急雇用対策に賛同#水道局や官公庁のプロジェクトも多数,自社内開発多数の【SE/PG】残業月平均15h★年休120日★賞与年3回 正社員,正社員,350万円～600万円
株式会社 ジーエスイー | 残業月平均20h。福岡で大きなプロジェクトを手掛ける！,★福岡本社×転勤なし★【SE・PG】※土日祝休み！年間休日120日 正社員,正社員,350万円～600万円
株式会社タップ | ＼年間休日120日／研修制度も充実◎若手社員が活躍しています！,メディアからの注目度も高い成長企業です【カスタマーサポート】 正社員,正社員,
株式会社アシストシステム研究所 | 「ルーラル電子図書館」や「お誕生日新聞」を開発・運営！,【SE・PG】国内有数のWEBサービスの基盤を支えるお仕事です 正社員,正社員,
株式会社アドバンスド・デジタル・テクノロジー | ★年休125日★残業月平均20時間★完全週休2日制★取引案件多数,【SE・PG】経験を活かして活躍！◇福岡市内勤務／転勤なし 正社員,正社員,
株式会社エム・ソフト | ◎最先端技術 & 独自の特許技術 & 豊富な案件で成長を後押し,いい意味で、欲張れ【PL／PM(候補）】キヤノン株式会社出資企業 正社員,正社員,380万円～550万円
株式会社マクロアーク | スクラッチ案件で技術力が身に付く／年休120日以上／残業少なめ,上流工程のプロジェクトに参加できる【SE・PG】 正社員,正社員,350万円～550万円
株式会社Dfor | ■津市の官公庁や、桑名や四日市など民間企業とも安定取引！,"『""志""を持つ、創業メンバーを募集』【 SE 】＊年休120日＊ 正社員",正社員,312万円～660万円
八光オートメーション株式会社 | 創業52年！オンリーワンを生み出す自動制御装置メーカー,機械・電気・制御のプロフェッショナルに！【 設計開発職 】 正社員,正社員,
株式会社ぎょうせい | 【創業128年(明治26年)／日本トップクラスの法令出版社】,東京/仙台/愛知/福岡積極採用【総合職(営業/出版/SE/コンサル)】 正社員,正社員,
グローヴァ会計事務所株式会社 | 【大阪府緊急雇用対策に賛同】時短も可★未経験・第二新卒歓迎,会計・税務のお仕事！【総合職】残業ほぼなし！年間休日130日！ 正社員,正社員,
株式会社情報技術センター | 年休125日◆残業月20H以内◆8/21マイナビ転職フェア出展@品川,完全未経験OK！フレックス有【ITエンジニア】土日祝休★10月入社 正社員,正社員,300万円～600万円
株式会社 ティ・システム・ジャパン | 【WEB面接OK】プロジェクト明けに約1週間休める嬉しい制度あり！,スキルや目標に応じた案件にアサイン！【SE／PG】<研修充実> 正社員,正社員,300万円～550万円
株式会社マルゴ・レーベル | 大手企業に対応するラベル製造会社【面接1回／面接交通費補助】,【社内システム担当】原則定時退社／土日休み／U・Iターン歓迎 正社員,正社員,280万円～450万円
吉田熱処理工業株式会社 | 足利工場　製造業が初めてという方も歓迎します！,年間休日は140日以上！オフが充実できる【製造職】★未経験OK 正社員,正社員,
株式会社ネットタワー | 『Pearl Lady』『PEARL LADY CHA BAR』等人気ブランドを運営,フードテック企業を目指す【社内SE】★土日祝休み ★若手活躍中 正社員,正社員,300万円～400万円
トヨタ自動車東日本株式会社 | <トヨタグループ> 年休121日/完休2日制(土日)/充実の福利厚生,トヨタの車づくりをITで支える【IT系総合職（社内SE）】 正社員,正社員,545万円～725万円
株式会社コンプケア | リモート需要でソフトへのニーズ増/残業月平均20時間/土日祝休み,完全自社内開発！自社パッケージソフトの【エンジニア(SE/PG)】 正社員,正社員,330万円～450万円
守谷輸送機工業株式会社 | ＼初公募！／エレベーターメーカーのIT部門を支える即戦力採用,【社内SE】◇年休122日 ◇賞与4.5ヵ月分 ◇1週間以上の長期休暇 正社員,正社員,350万円～550万円
株式会社マイナビミドルシニア | マイナビ ミドルシニア　人材紹介サービス,【ITエンジニア】いくつになっても働けるエンジニアを目指す 人材バンク登録,人材バンク登録,380万円～800万円
株式会社エル・エス・コーポレーション | ◎完全週休2日制（土・日）・年間休日121日で働きやすい環境♪,【 PCサポート・社内SE】トヨタ車体グループでスキルアップ 正社員,正社員,300万円～400万円
千代田測器株式会社 | 設立70年の老舗企業◆30代男性活躍中！将来のコアメンバー募集！,【事務スタッフ】◆土日祝休の完休2日×残業月10h程度×未経験OK 正社員,正社員,250万円～300万円
クリエートメディック株式会社 | 賞与年5.7ヶ月分/年休126日(土日)/手当充実/トップクラスシェア,＜東証一部上場＞医療機器メーカーの【社内SE】※リーダー候補 正社員,正社員,300万円～500万円
株式会社グローバルワークス | キャリアを考えると今のままではダメだ…そう感じている方へ。,"イマこそ！ AWS,Flutter,Laravelなどトレンドの技術に挑戦【SE】 正社員",正社員,
株式会社System Tomorrow | 受託開発のみ！100％自社内開発！⇒なので、残業も転勤も無し！,エンジニア目線の会社でのびのびと活躍できる！【SE・PG】 正社員,正社員,400万円～600万円
株式会社ADOKAN | 本社で絶好調のロボット独占直請開発、鹿児島支社で受託準備中！,新天地/鹿児島で、都心に負けない働き方を実現できる【SE・PG】 正社員,正社員,250万円～550万円
株式会社晋遊舎 | （しんゆうしゃ）◆役に立つコンテンツを提供し続ける出版社です,本格商品テストメディア『the360.life』運営【社内SE】 正社員,正社員,500万円～650万円
株式会社エフ・アイ・ティ | ◆残業ほぼなし◆賞与実績5ヶ月分◆新築3年目のキレイなオフィス,社内の各種システム開発などに携わる【社内SE】★土日祝休 正社員,正社員,
国立研究開発法人情報通信研究機構 | 【NICT】サイバーセキュリティネクサス　◆20～30代活躍中,【研究技術員(SE)】SOCおよびセキュリティ機器検証業務 契約社員,契約社員,470万円～780万円
株式会社シンギ | 食品パッケージの専門商社が共に歩む仲間を募っています！,社内システムの企画・運営【社内SE】これまでの経験が活かせます 正社員,正社員,350万円～400万円
国立研究開発法人情報通信研究機構 | 【NICT】サイバーセキュリティ研究所　◆20～30代活躍中,【研究技術員(SE)】IoT機器のセキュリティに関する技術開発 契約社員,契約社員,478万円～700万円
株式会社ボルテックスセイグン | [健康経営優良法人ブライト500]・[働きやすい職場認証制度]認定,総合物流企業の【総合職(社内SE／貿易事務／物流管理)】 正社員,正社員,
スリーアールズ株式会社 | 働き方はあなた次第！日勤のみ、夜勤のみ、MIXもOK♪,★年休168日＆月収35万円以上も可！【特別車ドライバー】 正社員,正社員,
国立研究開発法人情報通信研究機構 | 【NICT】サイバーセキュリティ研究所　◆20～30代活躍中,【研究技術員(SE)】サイバー攻撃情報集積・プラットフォーム開発 契約社員,契約社員,478万円～650万円
エンパワー株式会社 | ■30代の先輩活躍中！■年間休日127日／残業月20h以下,"＼あなたにベストな""""働き方""""を一緒に考えます！／【 SE・PG 】 正社員",正社員,
株式会社ジー・ソフト | 土日祝休み・残業平均月10時間以下・カジュアルWEB面談実施中！,【ITエンジニア】のお悩み聞かせてください！[SE・PG経験者歓迎] 正社員,正社員,
株式会社チャーム | アスクル(株)の100%出資子会社／ペット用品の通販でトップクラス,★完全週休2日★残業月30h以内★【インフラエンジニア】※社内SE 正社員,正社員,450万円～600万円
IFS株式会社 | ★リモートワークも実施中★抗体検査可能★1日6時間勤務を目指す,“育ち盛り”のベンチャー企業を一緒に育てる【ITエンジニア】 正社員,正社員,360万円～720万円
株式会社アスページ | ★定着率92％★年1回海外or国内旅行★年休123日★20名採用,【ITエンジニア】◆未経験も歓迎◆入社前リモート研修で資格取得 正社員,正社員,250万円～750万円
株式会社ISS | ★未経験・経験者とも歓迎★設立以来13期連続黒字★年1回9連休,直請けが基本【ITエンジニア／開発・インフラ】新部署もスタート 正社員,正社員,250万円～700万円
株式会社メイテックフィルダーズ | 東証一部上場グループ／土日祝休み・残業代1分単位支給,【フィールドエンジニア】◆装置の組立てや設置、技術サポート等 正社員,正社員,350万円～710万円
エヌ・ティ・ティ・インフラネット株式会社 | 土日祝休み／年間休日140日／有給100％取得／残業月平均16時間,NTTグループの安定基盤で経験をフルに生かせる！【土木技術者】 正社員,正社員,300万円～550万円
グローバルトレード株式会社 | 【ブランド品買取・販売の業界大手】即日・翌日など早期面接OK,＼オープニング募集／【事務系総合職】★面接保証★20代活躍中 正社員,正社員,300万円～360万円
日鉄ソリューションズ株式会社 | ◆東証一部上場/ユーザー系SIer◆健康経営優良法人◆年休124日,最先端のDXを手がける【アプリケーションエンジニア】 正社員,正社員,480万円～710万円
KDDIエンジニアリング株式会社 | 【東証1部・KDDIグループ】★「健康経営優良法人2021」認定,社員の業務を効率化するシステムを担う【社内SE】★土日祝休み 正社員,正社員,450万円～650万円
日鉄ソリューションズ株式会社 | 【東証一部上場/ユーザー系SIer】◎リモートワーク実施,◆平均年収838万円◆【ITソリューション営業】◎年間休日124日 正社員,正社員,480万円～710万円
フルウィル株式会社 | 【大阪府緊急雇用対策に賛同】年休130日 /年収180万円UP実績あり,還元率70％以上◆単価開示◆9割以上が前給UP【ITエンジニア】 正社員,正社員,384万円～1000万円
パーソルテンプスタッフ株式会社 | 大阪府緊急雇用対策に賛同/賞与年2回★研修充実★在宅ワークあり,20代女性活躍中◇未経験OK×研修あり【事務スタッフ】土日祝休 正社員,正社員,250万円～350万円
株式会社ココロザシ | 年間休日130日/定着率100％/希望の案件にアサイン,前職給与保証◎エンジニアのスキルを正当に評価します【PG/SE】 正社員,正社員,420万円～1000万円
株式会社ヒューマンウェア研究所 | ◆完全週休2日(土日休)◆年休120日以上◆面接1回◆副業OK！,【ITエンジニア（アプリ・インフラ）】★やりたい案件探します 正社員,正社員,320万円～500万円
株式会社bloom | ＃残業月5h以下＃完全週休2日制＃面接1回＃1年後に月給5万UP,未経験から活躍できる【Webデザイナー】＃最長1年の研修あり 正社員,正社員,
株式会社ワンブリッジ | 【エンジニアとして高みへ目指す】◆手厚い手当&福利厚生,IoTから国家プロジェクトまで!【ITエンジニア(開発／インフラ)】 正社員,正社員,440万円～700万円
株式会社ケアリッツ・アンド・パートナーズ | <ITと介護事業を手がける成長企業>毎年140%以上の増収★残業少,ステップアップを叶える【ITエンジニア】定着率95％！在宅勤務可 正社員,正社員,360万円～1020万円
株式会社アルファシステムズ | 【東証一部上場／49年間黒字経営を継続中】★社員定着率97.1％,未経験から、変われるチャンス。【ITエンジニア】★充実の研修有 正社員,正社員,350万円～500万円
株式会社アイビス | ※大阪限定募集※ 人気アプリ「ibisPaint」を開発◎年休125日,成長した未来の自分に出会える！【ITエンジニア】※大阪限定募集 正社員,正社員,350万円～600万円
株式会社アズールドットネット | ★大手SIer直請けの大規模案件中心★ほぼリモート勤務です！,【クラウドエンジニア】◆Azure／AWS／Office365でシステム構築 正社員,正社員,450万円～900万円
株式会社ベリサーブ | ★SCSKグループ★平均有給取得11.3日／年★平均残業24.2時間／月,上流工程から品質向上に貢献【SAPコンサルタント】★年休124日 正社員,正社員,400万円～1000万円
ＪｏｋｅｒＰｉｅｃｅ株式会社 | 【大阪府緊急雇用対策に賛同】基本定時退社／リモートワークあり,自社アプリ開発の新規事業が始動！企画から関わる【SE】 正社員,正社員,
パーソルテンプスタッフ株式会社 | 事務デビュー歓迎！大手・優良企業で20代女性が活躍中♪,【事務スタッフ】月給制×土日祝休★社会人経験があればOK！ 正社員,正社員,250万円～350万円
クオリティソフト株式会社 | 100%自社製品開発／上流工程に携われます,自社製品開発エンジニア【PG・SE】 正社員,正社員,400万円～700万円
株式会社BalloonPartners | ＜設立以来、離職者ゼロ！＞代表自ら、全国へ！出張面接実施！,今の自分だからこそ、描ける理想をカタチに【ITエンジニア】 正社員,正社員,400万円～750万円
株式会社エー・エス・エル | 《東証一部上場企業グループ》コロナ禍でも過去最高益レベル！,【ITエンジニア(開発/インフラ) 】★年休123日＆残業月15h程度★ 正社員,正社員,400万円～800万円
豊ハイテック株式会社 | 【 トヨタグループ｜ジェイテクト100％出資 】,チャレンジできる職場で活躍【システム開発】★在宅勤務も実施中 正社員,正社員,450万円～850万円
株式会社ピー・エム・シー | 大手カーディーラーをはじめクライアントとの直取引で安定成長！,自社システムの【 エンジニア(SE/PG) 】★フルリモートOK！ 正社員,正社員,400万円～600万円
富国生命保険相互会社 | 経営安定、待遇・福利厚生充実の企業が中途採用を実施！,未経験OK！【営業総合職（営業所長候補）】年休125日／賞与4カ月 正社員,正社員,350万円～650万円
ダイハツ工業株式会社 | 自動車開発を通じ、関西から未来の社会を作り上げる！,企画から開発まで幅広く携われる【自動車開発エンジニア】 正社員,正社員,450万円～800万円
株式会社サニックス | ◆東証一部上場企業 ◆年間休日115日 ◆初任地希望を確約,【営業】次世代へ快適な環境を提供するSE事業部 正社員,正社員,
株式会社アイエスエフネット | 毎年69％が昇給★インセンティブ還元率MAX60％★完全週休2日制,インフラ・クラウド未経験OK【ITエンジニア】年休126日/広島採用 正社員,正社員,306万円～1000万円
株式会社パレットリンク | ～社員ファーストな会社で個性を活かして働こう！～★年休126日,名古屋で活躍！【ITエンジニア】★年収600万円以上も目指せる！ 正社員,正社員,300万円～700万円
株式会社九州ソフタス | 【 官公庁や大手通信会社等との取引多数 】★PL・PMも目指せる！,【ITエンジニア(SE)】土日祝休み/残業月20ｈ以内/賞与年2回 正社員,正社員,375万円～600万円
株式会社ライズサービス | 大阪府緊急雇用対策に賛同│注目の西日本ベンチャー100連続選出,【エンジニア】※年休122日＆残業もほぼナシ！★受託案件増加中 正社員,正社員,400万円～850万円
日本原燃株式会社 | ☆原子燃料サイクルの中核を担う国策民営会社☆,＜経験者募集＞充実の福利厚生・年間休日123日【技術系総合職】 正社員,正社員,400万円～700万円
アクティブ・アイティ株式会社 | 【社員定着率90％】,【インフラエンジニア】定着率90％☆年休130日☆充実の教育体制 正社員,正社員,252万円～318万円
株式会社アイエスエフネット | ＊在宅比率55.7％ ＊有給取得率81％ ＊年間休日126日／土日祝,【ITサポート（インフラエンジニア）】＊残業月平均7.4ｈ 正社員,正社員,360万円～700万円
光ビジネスフォーム株式会社 | ジャスダック上場*フレックス制*大手や官公庁と直取引*年休126日,上場企業×100％自社内勤務【社内SE】＊リモートワーク実施中 正社員,正社員,
INTLOOP株式会社 | 日本を代表する企業と取引／年休120日～／年収500万以上スタート,クライアントの課題を解決！【ITコンサルタント】※未経験歓迎 正社員,正社員,500万円～1000万円
株式会社アイティープロデュース | 転勤なし◎残業は月平均7時間◎有休取得…平均10日間◎服装自由,最先端の開発に携われる【SE・PG】年休139日★完休2日制(土日祝) 正社員,正社員,300万円～550万円
株式会社大成社 | 年収平均80万UP／Java 3年経験者：月給例48.75万／年収例585万,案件単価の75%を給与に還元【ITエンジニア（開発・インフラ）】 正社員,正社員,430万円～1100万円
株式会社トーコー | 《未経験OK！5名以上を採用》◆賞与年2回◆面接1回◆AT限定可,【役員車運転手】★平日日勤のみ！完全土日休み＆夜勤なし！ 契約社員,契約社員,300万円～400万円
アカリエヘルスケアカンパニー株式会社 | 2021年8月2日～社名がアカリエに変わります,2025年に100兆円を超える介護市場が舞台に！【ITエンジニア】 正社員,正社員,360万円～780万円
株式会社スターシステム | リモートワークあり｜*◆新事業部新設で事業も拡大中◆*,＜自社内受託開発＞【 ITエンジニア 】リーダー育成プログラム有 正社員,正社員,350万円～700万円
株式会社KDDIエボルバ | 東証1部上場企業グループ◆テレワーク可！賞与年2回／年休123日,★安定と挑戦を両立できる会社【ITエンジニア(開発／インフラ)】 正社員,正社員,350万円～650万円
株式会社セルア | 大阪府緊急雇用対策に賛同｜土日の完全週休2日で年間休日123日！,【ITエンジニア】※経験者は前給考慮！未経験者は90日の研修あり 正社員,正社員,250万円～700万円
グルーコードシステムズ株式会社 | ★フレックス制／年休130日／在宅あり／勉強会あり＝高い定着率,★上場企業同等待遇/残業ほぼなし/自社内...etc【プログラマー】 正社員,正社員,300万円～1500万円
ジャパニアス株式会社 | 【全国に11拠点を展開】◆転勤なし◆年間休日125日◆残業月20H,エンジニアの満足度を追求！【SE】★自社内開発★テレワーク7割 正社員,正社員,400万円～800万円
株式会社アイエスエフネット | ★在宅勤務OK★完全週休2日★平均残業7.8h★インセンMAX60％,月35万～【ITエンジニア】★有給消化81％★年休126日／学歴不問 正社員,正社員,450万円～1000万円
ジャパニアス株式会社 | 大手と取引実績多数◇全国募集◇社員数1200名◇テレワーク7割,スピード昇格＆年収800万円可能!【SE(リーダー候補)】◆転勤なし 正社員,正社員,500万円～900万円
